Vodka|Slaughter House|non, cursus non, egestas a, dui. Cras pellentesque. Sed|mauris sapien, cursus in, hendrerit consectetuer, cursus et, magna. Praesent interdum ligula eu|226|American Samoa|3L|130|41|114|34|2|40|754|1|0|FIFTEEN_FIVE_GAL_KEG
Tequila|Rebellion|tempus scelerisque, lorem ipsum sodales|enim mi tempor lorem, eget mollis lectus pede et risus. Quisque libero lacus,|167|Åland Islands|3L|98|133|46|46|3|56|964|1|0|FIFTY_LITRE_KEG
Rum|Uncle Val's|Praesent eu|congue a, aliquet vel, vulputate eu, odio. Phasellus at augue id ante dictum cursus. Nunc mauris elit, dictum|738|Serbia|750ml|73|72|107|56|1|25|334|0|0|FIFTEEN_FIVE_GAL_KEG
Barley Whiskey|Slaughter House|eleifend vitae, erat.|Aliquam gravida mauris ut mi. Duis risus odio, auctor vitae, aliquet nec, imperdiet nec, leo. Morbi neque|751|Gibraltar|750ml|103|130|114|69|1|60|608|1|1|SIX_PACK
Rum|Highwire|orci lacus vestibulum lorem, sit amet ultricies sem|ultricies ligula. Nullam enim. Sed nulla ante, iaculis nec, eleifend non, dapibus rutrum, justo. Praesent luctus. Curabitur|239|Syria|3L|60|61|89|81|1|33|674|0|0|TWENTY_FOUR_PACK
Wheat Whiskey|Kirk And Sweeney|lacus. Nulla tincidunt, neque vitae semper egestas, urna|auctor. Mauris vel turpis. Aliquam adipiscing lobortis risus. In mi pede, nonummy ut, molestie in,|698|British Indian Ocean Territory|750ml|57|91|79|44|3|31|378|1|0|FIFTY_LITRE_KEG
Vodka|Mastersons|semper|Etiam laoreet, libero et tristique pellentesque, tellus sem mollis dui,|355|Mongolia|750ml|118|81|47|96|1|38|987|0|0|TWENTY_LITRE_KEG
Rum|Uncle Val's|est, vitae sodales|dictum. Phasellus in felis. Nulla tempor augue ac ipsum. Phasellus vitae mauris sit amet lorem semper auctor.|578|Namibia|1.5L|41|94|124|48|1|46|318|0|0|SIX_PACK
Rum|Highwire|magna tellus faucibus leo, in lobortis|velit eu sem. Pellentesque ut ipsum ac mi eleifend egestas.|215|Niger|16oz|109|98|75|67|2|41|59|1|1|FIFTY_LITRE_KEG
Absinthe|Alltech|pede nec ante blandit|Sed malesuada augue ut lacus. Nulla tincidunt, neque vitae semper egestas,|721|Colombia|24.4oz|70|50|94|61|3|43|64|0|0|TWENTY_FOUR_PACK
Vodka|Alltech|Integer vitae nibh. Donec est mauris, rhoncus id,|ante, iaculis nec, eleifend non, dapibus rutrum, justo. Praesent luctus. Curabitur egestas nunc|123|Mayotte|12oz|55|124|119|36|1|24|1087|0|1|TWENTY_LITRE_KEG
Rum|Highwire|gravida. Aliquam tincidunt, nunc ac mattis ornare, lectus ante dictum|tristique ac, eleifend vitae, erat. Vivamus nisi. Mauris nulla. Integer urna. Vivamus molestie dapibus|784|Macao|750ml|87|70|57|49|2|45|519|0|0|SIX_PACK
Rye Whiskey|Casa Pacifica|ipsum. Curabitur consequat, lectus sit amet|euismod mauris eu elit. Nulla facilisi. Sed neque. Sed eget lacus. Mauris non dui nec|725|Myanmar|375ml|114|115|111|35|2|50|692|0|1|SIX_PACK
Rye Whiskey|Casa Pacifica|Pellentesque ut|Mauris vel turpis. Aliquam adipiscing lobortis risus. In mi pede, nonummy ut,|198|Micronesia|187ml|70|39|105|41|3|46|842|0|1|TWENTY_LITRE_KEG
Barley Whiskey|Mastersons|ullamcorper,|nunc interdum feugiat. Sed nec metus facilisis lorem tristique aliquet. Phasellus fermentum convallis ligula. Donec luctus|184|Belarus|3L|94|127|117|40|2|49|369|0|0|NINE_PACK
Tequila|Casa Pacifica|nec, cursus a, enim. Suspendisse aliquet, sem ut|Aenean sed pede nec ante blandit viverra. Donec tempus, lorem fringilla ornare placerat, orci lacus vestibulum lorem, sit amet|553|Holy See (Vatican City State)|750ml|137|78|117|49|2|56|97|1|1|SIX_PACK
Wheat Whiskey|Uncle Val's|magna,|Aenean euismod mauris eu elit. Nulla facilisi. Sed neque. Sed eget lacus. Mauris non dui nec urna|959|Guinea-Bissau|3L|82|128|50|47|2|44|110|1|1|THREE_PACK
Rum|Mastersons|Donec egestas. Duis ac arcu. Nunc mauris. Morbi non|pede blandit congue. In scelerisque scelerisque dui. Suspendisse ac metus vitae velit egestas lacinia. Sed congue,|453|Luxembourg|750ml|64|71|75|60|1|54|770|0|1|TWENTY_LITRE_KEG
Wheat Whiskey|Alltech|nulla. In tincidunt congue turpis. In condimentum. Donec|non, sollicitudin a, malesuada id, erat. Etiam vestibulum massa rutrum magna. Cras convallis convallis dolor. Quisque tincidunt|311|Latvia|1.5L|139|115|100|61|3|43|134|1|1|THREE_PACK
Rum|Slaughter House|Donec est mauris,|luctus et ultrices posuere cubilia Curae; Donec tincidunt. Donec vitae erat vel pede|585|Philippines|12oz|64|38|104|56|2|47|853|1|1|TWENTY_FOUR_PACK
Tequila|Rebellion|sollicitudin orci sem eget massa.|eget magna. Suspendisse tristique neque venenatis lacus. Etiam bibendum fermentum metus. Aenean sed pede nec ante blandit viverra. Donec|604|Djibouti|16oz|113|119|43|52|1|49|950|1|1|FIVE_SEVENTEEN_GAL_KEG
Rum|Slaughter House|pharetra. Nam ac|non, vestibulum nec, euismod in, dolor. Fusce feugiat. Lorem ipsum dolor sit amet, consectetuer adipiscing elit. Aliquam auctor, velit|172|Denmark|1.5L|131|124|52|75|3|49|432|1|1|SEVEN_SEVEN_FIVE_GAL_KEG
Wheat Whiskey|Highwire|cursus et, magna. Praesent interdum ligula eu|molestie dapibus ligula. Aliquam erat volutpat. Nulla dignissim. Maecenas ornare|310|Côte D'Ivoire (Ivory Coast)|187ml|97|123|47|38|3|31|1138|0|1|TWENTY_FOUR_PACK
Vodka|Uncle Val's|Integer tincidunt aliquam arcu. Aliquam ultrices iaculis odio. Nam interdum|magna sed dui. Fusce aliquam, enim nec tempus scelerisque, lorem ipsum sodales purus, in molestie tortor nibh sit amet|359|Spain|16oz|101|119|100|98|2|49|619|0|0|THREE_PACK
Tequila|Jack Daniels|vel, faucibus id, libero. Donec consectetuer|ornare placerat, orci lacus vestibulum lorem, sit amet ultricies sem magna|826|Slovenia|16oz|100|47|104|36|3|52|447|0|0|SIX_PACK
Tequila|Slaughter House|sociis natoque|pede nec ante blandit viverra. Donec tempus, lorem fringilla ornare placerat, orci lacus vestibulum lorem, sit amet ultricies|380|China|24.4oz|98|135|108|49|1|44|936|1|0|NINE_PACK
Tequila|Rebellion|imperdiet nec, leo. Morbi neque tellus, imperdiet|montes, nascetur ridiculus mus. Donec dignissim magna a tortor. Nunc commodo auctor velit. Aliquam nisl.|147|Gambia|750ml|94|118|90|82|3|57|659|1|1|FIFTY_LITRE_KEG
Rum|Mastersons|nunc ac mattis|molestie orci tincidunt adipiscing. Mauris molestie pharetra nibh. Aliquam ornare, libero at auctor ullamcorper, nisl arcu iaculis enim,|290|Sierra Leone|1.5L|86|97|77|92|3|47|87|0|0|TWENTY_FOUR_PACK
Wheat Whiskey|Kirk And Sweeney|dolor sit amet, consectetuer adipiscing|convallis ligula. Donec luctus aliquet odio. Etiam ligula tortor, dictum eu, placerat eget, venenatis a, magna. Lorem ipsum dolor sit|481|Kenya|5L|83|81|54|97|3|33|108|0|0|THREE_PACK
Rum|Casa Pacifica|eget|congue a, aliquet vel, vulputate eu, odio. Phasellus at augue id ante dictum cursus. Nunc mauris elit,|898|Cuba|16oz|42|100|96|41|1|60|210|0|0|SIX_PACK
Rye Whiskey|Slaughter House|et libero. Proin mi. Aliquam|lectus. Nullam suscipit, est ac facilisis facilisis, magna tellus faucibus|396|Liberia|12oz|92|99|120|51|2|38|1018|0|0|FIFTY_LITRE_KEG
Tequila|Uncle Val's|Praesent eu nulla at|dui. Fusce aliquam, enim nec tempus scelerisque, lorem ipsum sodales purus, in molestie|392|Malawi|1.5L|44|117|85|62|2|40|646|1|0|SEVEN_SEVEN_FIVE_GAL_KEG
Vodka|Casa Pacifica|fringilla ornare placerat, orci lacus vestibulum lorem, sit amet|Fusce feugiat. Lorem ipsum dolor sit amet, consectetuer adipiscing elit. Aliquam auctor, velit eget laoreet posuere, enim|913|Japan|24.4oz|60|117|92|48|3|34|63|0|0|FIVE_SEVENTEEN_GAL_KEG
Rye Whiskey|Rebellion|luctus, ipsum leo elementum sem, vitae aliquam|fermentum arcu. Vestibulum ante ipsum primis in faucibus orci luctus et ultrices posuere cubilia Curae; Phasellus ornare. Fusce mollis. Duis|609|Saint Helena, Ascension and Tristan da Cunha|3L|59|97|46|33|1|37|398|0|1|TWENTY_FOUR_PACK
Tequila|Kirk And Sweeney|enim consequat purus.|feugiat tellus lorem eu metus. In lorem. Donec elementum, lorem ut aliquam iaculis, lacus pede sagittis augue, eu tempor|618|Sudan|24.4oz|95|135|105|91|3|41|636|1|1|NINE_PACK
Absinthe|Kirk And Sweeney|adipiscing non, luctus sit amet, faucibus ut, nulla.|sed dui. Fusce aliquam, enim nec tempus scelerisque, lorem ipsum sodales purus, in molestie tortor nibh|783|Macao|12oz|120|57|92|76|2|26|687|1|0|ONE_PACK
Vodka|Alltech|posuere at,|fames ac turpis egestas. Aliquam fringilla cursus purus. Nullam scelerisque neque sed sem egestas blandit. Nam nulla|892|Netherlands|1.5L|112|47|43|62|3|33|711|0|1|NINE_PACK
Absinthe|Jack Daniels|Cras|bibendum fermentum metus. Aenean sed pede nec ante blandit viverra.|928|Brunei|12oz|113|111|104|100|3|32|713|0|0|TWENTY_LITRE_KEG
Absinthe|Mastersons|purus, in molestie tortor nibh sit|feugiat non, lobortis quis, pede. Suspendisse dui. Fusce diam nunc, ullamcorper eu, euismod ac, fermentum vel, mauris. Integer sem|382|United Kingdom (Great Britain)|16oz|42|73|59|74|3|57|1179|1|0|TWELVE_PACK
Rye Whiskey|Alltech|arcu. Sed eu nibh vulputate mauris sagittis|sit amet lorem semper auctor. Mauris vel turpis. Aliquam adipiscing lobortis risus. In mi|440|Central African Republic|187ml|55|57|100|77|2|57|913|1|1|FIFTEEN_FIVE_GAL_KEG
Tequila|Highwire|odio tristique pharetra. Quisque ac libero nec ligula consectetuer|est. Nunc ullamcorper, velit in aliquet lobortis, nisi nibh lacinia orci, consectetuer euismod est arcu|407|Slovenia|24.4oz|107|38|80|55|3|46|1127|1|0|TWENTY_LITRE_KEG
Rum|Highwire|Aliquam gravida mauris ut|Suspendisse non leo. Vivamus nibh dolor, nonummy ac, feugiat non, lobortis quis, pede. Suspendisse dui.|768|Montserrat|16oz|118|83|99|50|2|38|623|1|0|TWELVE_PACK
Rum|Kirk And Sweeney|Pellentesque habitant morbi tristique|lacus vestibulum lorem, sit amet ultricies sem magna nec quam. Curabitur vel|501|Peru|187ml|128|80|85|64|1|36|343|0|1|NINE_PACK
Tequila|Rebellion|ac,|Aliquam ornare, libero at auctor ullamcorper, nisl arcu iaculis enim, sit amet ornare lectus justo|412|Saint Kitts and Nevis|750ml|100|104|73|71|1|35|649|0|1|FIFTEEN_FIVE_GAL_KEG
Barley Whiskey|Jack Daniels|consequat enim|Nunc ullamcorper, velit in aliquet lobortis, nisi nibh lacinia orci, consectetuer|482|Jersey|187ml|109|134|120|48|3|58|1042|1|0|TWENTY_LITRE_KEG
Barley Whiskey|Casa Pacifica|Proin vel arcu|eu dui. Cum sociis natoque penatibus et magnis dis parturient montes, nascetur ridiculus|435|Korea, South|12oz|79|71|94|81|2|59|84|1|0|ONE_PACK
Absinthe|Casa Pacifica|porta elit, a feugiat tellus lorem eu metus. In|in lobortis tellus justo sit amet nulla. Donec non justo. Proin non massa non ante bibendum ullamcorper. Duis|865|Madagascar|1.5L|135|61|88|71|2|47|868|1|1|FIFTEEN_FIVE_GAL_KEG
Rye Whiskey|Mastersons|amet luctus|vulputate dui, nec tempus mauris erat eget ipsum. Suspendisse sagittis.|267|Kiribati|16oz|42|81|41|79|1|42|871|1|0|ONE_PACK
Tequila|Kirk And Sweeney|sed sem egestas blandit. Nam nulla magna,|orci, consectetuer euismod est arcu ac orci. Ut semper pretium neque. Morbi quis urna. Nunc quis arcu vel quam dignissim|880|Micronesia|750ml|48|70|82|88|3|41|1081|1|0|FIVE_SEVENTEEN_GAL_KEG
Vodka|Rebellion|vitae purus gravida sagittis. Duis gravida. Praesent eu|magnis dis parturient montes, nascetur ridiculus mus. Proin vel nisl. Quisque fringilla euismod enim. Etiam gravida molestie arcu. Sed|727|Montenegro|3L|87|83|88|54|2|46|1135|1|1|SEVEN_SEVEN_FIVE_GAL_KEG
Rum|Casa Pacifica|arcu. Curabitur ut odio vel est|dui. Cum sociis natoque penatibus et magnis dis parturient montes, nascetur ridiculus mus.|348|Kenya|1.5L|133|110|97|100|2|56|442|1|1|FIFTY_LITRE_KEG
Rye Whiskey|Alltech|Nam interdum enim non nisi. Aenean eget|non, lobortis quis, pede. Suspendisse dui. Fusce diam nunc, ullamcorper eu, euismod ac, fermentum vel, mauris.|531|Slovenia|1.5L|71|62|61|62|3|44|163|1|0|NINE_PACK
Wheat Whiskey|Casa Pacifica|at risus. Nunc ac|ac arcu. Nunc mauris. Morbi non sapien molestie orci tincidunt adipiscing. Mauris molestie|683|Saint Barthélemy|187ml|131|123|80|96|2|44|360|0|1|NINE_PACK
Tequila|Jack Daniels|cursus vestibulum. Mauris magna. Duis dignissim tempor|Curae; Donec tincidunt. Donec vitae erat vel pede blandit congue. In scelerisque scelerisque dui. Suspendisse ac metus vitae velit|711|Seychelles|187ml|49|113|39|34|2|41|284|0|0|TWELVE_PACK
Barley Whiskey|Uncle Val's|tincidunt adipiscing. Mauris molestie pharetra nibh. Aliquam|sed, hendrerit a, arcu. Sed et libero. Proin mi. Aliquam|988|French Southern Territories|750ml|71|117|39|32|3|60|347|1|0|SEVEN_SEVEN_FIVE_GAL_KEG
Rum|Jack Daniels|arcu. Nunc mauris. Morbi non|Duis volutpat nunc sit amet metus. Aliquam erat volutpat. Nulla facilisis. Suspendisse commodo tincidunt|460|Côte D'Ivoire (Ivory Coast)|3L|49|106|78|67|2|53|1043|1|1|TWENTY_FOUR_PACK
Rye Whiskey|Casa Pacifica|sociis natoque penatibus|lobortis. Class aptent taciti sociosqu ad litora torquent per conubia nostra, per inceptos hymenaeos. Mauris ut quam|315|Uzbekistan|187ml|127|51|111|87|2|50|197|1|1|SIX_PACK
Vodka|Highwire|id ante dictum cursus. Nunc mauris elit, dictum|facilisi. Sed neque. Sed eget lacus. Mauris non dui nec urna suscipit|345|Maldives|12oz|127|68|74|55|3|44|804|1|1|FIFTEEN_FIVE_GAL_KEG
Vodka|Alltech|a, aliquet vel, vulputate eu, odio. Phasellus|Sed auctor odio a purus. Duis elementum, dui quis accumsan convallis, ante lectus convallis est, vitae sodales nisi magna sed|948|Myanmar|12oz|57|46|65|45|3|38|607|0|1|SEVEN_SEVEN_FIVE_GAL_KEG
Barley Whiskey|Uncle Val's|dui. Fusce aliquam,|Cras dolor dolor, tempus non, lacinia at, iaculis quis, pede.|571|Egypt|187ml|52|40|56|45|2|59|450|0|0|NINE_PACK
Absinthe|Rebellion|at fringilla purus mauris a nunc. In|commodo at, libero. Morbi accumsan laoreet ipsum. Curabitur consequat, lectus sit|153|Kiribati|12oz|112|47|127|100|1|52|713|0|1|FIVE_SEVENTEEN_GAL_KEG
Absinthe|Kirk And Sweeney|Nam tempor diam dictum sapien. Aenean massa. Integer vitae|amet, consectetuer adipiscing elit. Curabitur sed tortor. Integer aliquam adipiscing lacus. Ut nec urna et arcu imperdiet ullamcorper. Duis at|702|Andorra|5L|102|80|49|86|1|56|183|0|1|TWENTY_FOUR_PACK
Barley Whiskey|Mastersons|convallis convallis|aliquam eros turpis non enim. Mauris quis turpis vitae purus gravida sagittis.|309|Tokelau|5L|70|134|69|85|1|57|1182|1|1|TWELVE_PACK
Absinthe|Kirk And Sweeney|risus. Nunc|arcu et pede. Nunc sed orci lobortis augue scelerisque mollis. Phasellus libero mauris, aliquam eu, accumsan|871|Ecuador|1.5L|46|56|117|40|1|42|1183|1|1|NINE_PACK
Rye Whiskey|Highwire|nec ligula consectetuer rhoncus. Nullam velit dui,|primis in faucibus orci luctus et ultrices posuere cubilia Curae; Phasellus ornare. Fusce mollis. Duis sit amet|773|Sudan|1.5L|126|41|41|35|1|58|566|1|0|FIVE_SEVENTEEN_GAL_KEG
Wheat Whiskey|Alltech|purus, accumsan interdum libero dui|vehicula. Pellentesque tincidunt tempus risus. Donec egestas. Duis ac arcu. Nunc mauris. Morbi non sapien molestie orci tincidunt adipiscing.|725|Czech Republic|1.5L|51|38|57|34|2|39|603|0|0|THREE_PACK
Rum|Kirk And Sweeney|aliquet lobortis, nisi|pellentesque massa lobortis ultrices. Vivamus rhoncus. Donec est. Nunc ullamcorper, velit in aliquet|620|Djibouti|3L|136|124|83|35|1|37|970|0|0|TWELVE_PACK
Vodka|Casa Pacifica|at, velit. Cras lorem lorem, luctus ut, pellentesque eget,|Cras sed leo. Cras vehicula aliquet libero. Integer in magna. Phasellus dolor elit,|267|Bouvet Island|16oz|81|43|119|58|3|46|453|0|1|SIX_PACK
Tequila|Mastersons|aliquet, metus|urna, nec luctus felis purus ac tellus. Suspendisse sed dolor. Fusce mi lorem, vehicula et,|164|Suriname|16oz|71|123|123|42|3|33|863|0|1|FIFTY_LITRE_KEG
Rum|Slaughter House|nascetur ridiculus mus. Aenean eget magna. Suspendisse tristique|lobortis quis, pede. Suspendisse dui. Fusce diam nunc, ullamcorper eu, euismod ac, fermentum vel, mauris. Integer sem elit, pharetra|175|Ghana|375ml|140|104|92|91|1|42|290|0|1|TWENTY_LITRE_KEG
Absinthe|Kirk And Sweeney|augue ut lacus. Nulla tincidunt, neque|lectus pede et risus. Quisque libero lacus, varius et, euismod et, commodo at, libero.|200|Samoa|375ml|134|39|103|49|3|27|1084|0|0|FIVE_SEVENTEEN_GAL_KEG
Absinthe|Mastersons|blandit|non, sollicitudin a, malesuada id, erat. Etiam vestibulum massa rutrum magna. Cras convallis convallis dolor.|900|Senegal|187ml|48|40|48|85|2|58|1150|0|0|SIX_PACK
Absinthe|Uncle Val's|facilisi. Sed neque.|ut nisi a odio semper cursus. Integer mollis. Integer tincidunt aliquam arcu. Aliquam ultrices iaculis odio. Nam interdum|877|Cocos (Keeling) Islands|1.5L|119|103|63|89|3|47|826|0|1|TWENTY_FOUR_PACK
Absinthe|Rebellion|et, eros. Proin ultrices. Duis volutpat nunc|metus. In lorem. Donec elementum, lorem ut aliquam iaculis, lacus pede sagittis augue, eu tempor erat|438|Turkey|3L|65|98|63|96|2|35|203|1|0|FIFTEEN_FIVE_GAL_KEG
Tequila|Jack Daniels|nonummy. Fusce fermentum fermentum arcu. Vestibulum ante ipsum primis in|pede. Nunc sed orci lobortis augue scelerisque mollis. Phasellus libero mauris, aliquam eu, accumsan sed, facilisis vitae,|956|Korea, North|12oz|95|66|78|77|1|59|446|0|0|ONE_PACK
Wheat Whiskey|Mastersons|quis, pede. Praesent|dui augue eu tellus. Phasellus elit pede, malesuada vel, venenatis vel, faucibus id, libero. Donec consectetuer mauris id|961|Virgin Islands, British|375ml|124|112|110|54|3|44|1014|0|0|THREE_PACK
Rye Whiskey|Highwire|ipsum dolor sit|at augue id ante dictum cursus. Nunc mauris elit, dictum eu, eleifend nec, malesuada ut, sem. Nulla interdum. Curabitur|482|Guatemala|24.4oz|91|134|36|89|3|26|617|1|1|NINE_PACK
Absinthe|Kirk And Sweeney|ac mattis velit justo nec ante. Maecenas mi felis,|id sapien. Cras dolor dolor, tempus non, lacinia at, iaculis quis, pede. Praesent eu dui. Cum sociis natoque penatibus et|206|Sint Maarten|16oz|61|64|59|37|1|45|1094|0|0|SEVEN_SEVEN_FIVE_GAL_KEG
Vodka|Alltech|libero. Proin mi. Aliquam gravida mauris ut|sit amet massa. Quisque porttitor eros nec tellus. Nunc lectus pede, ultrices a, auctor non, feugiat nec, diam. Duis mi|638|Viet Nam|750ml|137|129|68|83|3|54|526|0|1|FIVE_SEVENTEEN_GAL_KEG
Tequila|Slaughter House|vehicula risus. Nulla eget metus eu|arcu. Aliquam ultrices iaculis odio. Nam interdum enim non nisi.|345|Barbados|16oz|81|116|121|56|1|57|1152|0|0|TWENTY_LITRE_KEG
Rye Whiskey|Mastersons|enim. Etiam gravida molestie arcu. Sed eu nibh vulputate|vestibulum. Mauris magna. Duis dignissim tempor arcu. Vestibulum ut eros non enim|826|Latvia|375ml|65|100|105|84|3|59|1153|1|1|FIFTY_LITRE_KEG
Absinthe|Mastersons|a tortor. Nunc commodo auctor velit.|tempus scelerisque, lorem ipsum sodales purus, in molestie tortor nibh|215|Rwanda|12oz|127|116|75|56|3|45|1148|0|0|TWELVE_PACK
Absinthe|Casa Pacifica|auctor non, feugiat nec, diam. Duis mi|molestie tellus. Aenean egestas hendrerit neque. In ornare sagittis felis. Donec tempor, est ac mattis semper, dui|558|Western Sahara|5L|99|119|56|85|1|36|166|0|1|TWELVE_PACK
Vodka|Mastersons|eros|cursus et, magna. Praesent interdum ligula eu enim. Etiam imperdiet dictum|345|Guinea|750ml|45|107|120|53|1|36|395|1|1|THREE_PACK
Absinthe|Jack Daniels|sem ut|Aenean egestas hendrerit neque. In ornare sagittis felis. Donec tempor, est ac mattis semper, dui lectus rutrum urna, nec luctus|561|Lithuania|3L|102|97|110|52|3|40|355|1|0|FIFTY_LITRE_KEG
Absinthe|Casa Pacifica|magna. Lorem ipsum dolor sit amet, consectetuer adipiscing|cursus et, eros. Proin ultrices. Duis volutpat nunc sit amet metus. Aliquam|388|Niue|750ml|58|117|51|59|1|60|695|0|1|ONE_PACK
Barley Whiskey|Kirk And Sweeney|natoque penatibus et magnis dis|sapien, cursus in, hendrerit consectetuer, cursus et, magna. Praesent interdum ligula eu enim. Etiam imperdiet dictum magna. Ut tincidunt|891|South Georgia and The South Sandwich Islands|1.5L|88|125|89|54|3|55|341|1|1|NINE_PACK
Vodka|Jack Daniels|nec urna et arcu imperdiet ullamcorper. Duis at|Mauris molestie pharetra nibh. Aliquam ornare, libero at auctor ullamcorper, nisl arcu iaculis enim, sit amet ornare lectus justo eu|814|Guernsey|750ml|108|70|109|35|2|36|742|0|1|FIFTY_LITRE_KEG
Rye Whiskey|Uncle Val's|amet massa. Quisque porttitor eros nec tellus. Nunc lectus|tincidunt vehicula risus. Nulla eget metus eu erat semper rutrum. Fusce dolor quam, elementum at, egestas a,|838|Timor-Leste|5L|45|130|99|86|2|36|411|1|1|TWENTY_FOUR_PACK
Barley Whiskey|Uncle Val's|lacus. Cras interdum.|molestie. Sed id risus quis diam luctus lobortis. Class aptent taciti sociosqu ad litora torquent per conubia nostra,|152|Liechtenstein|375ml|83|95|72|41|2|57|649|0|0|TWENTY_LITRE_KEG
Absinthe|Alltech|mollis.|lacinia vitae, sodales at, velit. Pellentesque ultricies dignissim lacus. Aliquam|285|Suriname|12oz|127|99|114|92|1|48|980|1|0|THREE_PACK
Rye Whiskey|Uncle Val's|diam dictum sapien.|egestas a, dui. Cras pellentesque. Sed dictum. Proin eget odio. Aliquam vulputate ullamcorper magna. Sed eu eros. Nam consequat|899|Eritrea|187ml|61|115|43|34|2|24|624|1|1|ONE_PACK
Rye Whiskey|Rebellion|eu tempor erat|vestibulum lorem, sit amet ultricies sem magna nec quam. Curabitur|673|Myanmar|12oz|78|53|86|76|2|34|1109|0|0|FIVE_SEVENTEEN_GAL_KEG
Vodka|Highwire|lorem. Donec elementum, lorem ut aliquam iaculis, lacus pede|mauris a nunc. In at pede. Cras vulputate velit eu sem. Pellentesque ut|682|China|5L|121|43|103|55|3|26|1039|1|1|TWENTY_LITRE_KEG
Rye Whiskey|Jack Daniels|felis eget varius ultrices, mauris ipsum porta|senectus et netus et malesuada fames ac turpis egestas. Aliquam fringilla cursus purus. Nullam|328|Tunisia|3L|132|56|51|58|1|43|163|1|1|NINE_PACK
Tequila|Highwire|nec luctus felis purus|dictum cursus. Nunc mauris elit, dictum eu, eleifend nec, malesuada ut, sem.|150|Bermuda|24.4oz|112|60|120|36|2|47|239|1|0|SEVEN_SEVEN_FIVE_GAL_KEG
Vodka|Kirk And Sweeney|ante ipsum primis in faucibus orci luctus|mattis velit justo nec ante. Maecenas mi felis, adipiscing fringilla, porttitor vulputate, posuere vulputate, lacus. Cras interdum. Nunc sollicitudin commodo|633|Dominican Republic|5L|64|43|77|96|3|50|167|1|0|NINE_PACK
Wheat Whiskey|Rebellion|semper egestas, urna justo faucibus lectus, a sollicitudin orci|Suspendisse dui. Fusce diam nunc, ullamcorper eu, euismod ac, fermentum vel, mauris.|630|Iraq|3L|100|60|64|71|3|30|85|1|1|THREE_PACK
Rye Whiskey|Rebellion|dui augue eu tellus. Phasellus elit|mauris sagittis placerat. Cras dictum ultricies ligula. Nullam enim. Sed nulla ante, iaculis nec, eleifend non, dapibus rutrum,|201|Slovenia|16oz|126|90|104|54|3|29|828|1|0|TWENTY_LITRE_KEG
Absinthe|Alltech|diam|eget magna. Suspendisse tristique neque venenatis lacus. Etiam bibendum fermentum metus. Aenean sed pede nec|718|New Zealand|187ml|109|90|119|51|1|47|929|1|0|TWELVE_PACK