Jolene, Chaim, Hermione, Odessa|Haley, Sopoline, Jael, Margaret|Calhoun|8299 Praesent Ave|10/15/1991|07/01/2013|true|53875|1680090414299|Purchasing|AP Manager
Serena, Devin, Eaton, Stacy|Geraldine, Skyler, Christen, Warren|Oneil|Ap #113-8808 Vivamus Road|03/02/1977|12/20/2004|false|48402|1616030765499|Sales Support|Wine Purchasing Assistant
Sara, Stone, Felicia, Wyoming|Kieran, Risa, Rose, Keely|Valenzuela|463-9812 Mattis Ave|08/03/1963|07/11/2009|true|44883|1659072469399|Sales Support|Marketing Assistant
Jerry, Noah, Rina, Grant|Paki, Silas, Brielle, Caleb|Rios|P.O. Box 437, 4326 Vulputate Rd.|09/30/1993|09/14/2016|false|45062|1693090409799|Marketing|AR Associate
Zia, Lenore, Britanney, Shoshana|Cassady, Myles, Macon, Yoshi|Burch|P.O. Box 389, 2098 Metus Ave|01/11/1972|11/29/2004|false|29127|1630043050599|AP|AR Associate
Colorado, Thomas, Mason, Gail|Reece, Fritz, Quin, Xantha|Patrick|P.O. Box 225, 1702 Cum St.|03/01/1963|10/19/2004|true|42591|1615061368599|Purchasing|AP Manager
Thomas, Cleo, Melissa, Buffy|Darrel, Shellie, Yvette, Tanner|Valenzuela|669-5863 Mollis Av.|06/11/1989|10/22/2003|true|37806|1675011665799|Purchasing|AR Associate
Wynne, Gage, Oleg, Alexa|Kelly, Sharon, Hilda, Jenette|Terry|P.O. Box 552, 2185 Libero St.|08/05/1965|01/02/2007|false|50219|1605030105399|Sales Support|AR Associate
Daniel, Noble, Jolene, Blythe|Macy, Ainsley, Lucas, Eden|Conway|672-5152 Sed Avenue|08/06/1983|05/06/2007|true|45477|1610111490399|AR|Office Manager
Nola, Conan, Nina, Nasim|Celeste, Savannah, Amos, Fitzgerald|West|P.O. Box 541, 891 Sit St.|11/17/1970|08/26/2010|false|47950|1627030795999|Purchasing|Purchasing Manager
Barbara, Jena, Seth, Rhoda|Deacon, Destiny, Bruce, Oren|Cole|Ap #637-8821 Consectetuer Av.|07/19/1981|07/07/2007|false|55462|1609011870599|Sales Support|Beer Purchasing Assistant
Ulric, Hunter, Zahir, Griffin|Gavin, Whoopi, Shay, Zena|Odom|Ap #150-2290 Ridiculus Avenue|02/10/1965|08/22/2005|false|56111|1668052723099|AP|Wine Purchasing Assistant
Paula, Vladimir, Jaquelyn, Linus|Robin, Richard, Illiana, Brandon|Kemp|293-6947 Aliquet St.|08/09/1970|01/31/2009|true|34706|1682032542999|AR|Controller
Madeson, Austin, Kirestin, Sarah|Zorita, Jacob, Indigo, Shad|Espinoza|805-4838 Integer Av.|03/24/1964|09/07/2014|true|37794|1698120531699|AP|AR Manager
Sebastian, Marvin, Kiayada, Keaton|Bell, Malik, Aspen, Todd|Rutledge|4230 Euismod Road|12/15/1980|12/29/2002|true|46144|1652112600799|Purchasing|Office Manager
Myles, Adena, Helen, Sandra|Echo, Sasha, Eagan, Raymond|Hunt|Ap #473-4794 Luctus. Ave|02/27/1984|05/13/2015|true|51715|1643011140399|Marketing|Purchasing Manager
Erasmus, Madeson, Melodie, Arden|Imelda, Lee, Rylee, Sharon|Gibbs|869-6616 Sed St.|03/09/1968|01/19/2014|true|39356|1694062547599|Sales Support|AR Manager
Skyler, Dillon, Lucian, Kathleen|Halla, Garrett, Darrel, Kaseem|Mays|Ap #395-2205 Sem Rd.|06/11/1990|11/13/2008|false|53285|1619103052899|AP|Beer Purchasing Assistant
Donna, Brenna, Zephr, Zephr|Irene, Winter, Plato, Keiko|Mcguire|P.O. Box 616, 8019 Tellus, Road|06/11/1998|07/10/2014|true|58656|1685030757499|Marketing|Office Manager
Noelani, Connor, Cassady, Fulton|Hashim, Camilla, Sandra, Cole|Maxwell|593-6745 Sem St.|01/22/1994|12/09/2002|false|44776|1606120514099|Marketing|AR Associate
Winter, Urielle, Denise, Kibo|Althea, Medge, Geraldine, Yuli|Kline|P.O. Box 640, 707 Malesuada Av.|07/29/1992|05/04/2006|false|55992|1606071772099|Purchasing|AP Assistant
Ori, Nyssa, Maxine, Tate|Channing, Kylynn, Zenaida, Ali|Elliott|785-4508 Dictum Street|11/11/1991|05/24/2007|true|40620|1649061620899|AR|Marketing Assistant
Alice, Dacey, Arden, Garrison|Rafael, Xena, Rowan, Hoyt|Cruz|P.O. Box 592, 1371 Risus. Av.|03/11/1962|04/16/2008|true|58583|1613020952699|Marketing|Office Manager
Martina, Callie, Xantha, Eugenia|Russell, Jacqueline, Hope, Blaze|Mcclain|775-5936 Orci Rd.|10/22/1989|01/03/2006|false|47724|1642021870099|AR|AR Manager
Shoshana, Edward, Colin, Hu|Samson, Brielle, Julian, Grady|Dalton|8521 Lorem, Rd.|06/25/1981|10/27/2014|false|34499|1640040510099|Marketing|AR Associate
Beck, Vance, Keegan, Hakeem|Lysandra, Dante, Jemima, Alma|Garrett|P.O. Box 480, 1966 Nec, Av.|03/28/1978|07/23/2004|false|53900|1636010791099|Purchasing|Purchasing Manager
Edward, Lucius, Mollie, Ivor|Ria, Gloria, Keefe, Anjolie|Daniel|9420 Magna Av.|08/26/1962|11/08/2015|true|59862|1626062445699|Marketing|Marketing Assistant
Logan, Rogan, Mariko, Heather|Herrod, Aspen, Francis, Noelle|Lamb|970-4268 A St.|12/14/1987|01/22/2002|true|44977|1614020547099|Purchasing|AP Assistant
Curran, Emery, Marsden, Galvin|Shellie, Aristotle, Lois, Rashad|Chen|P.O. Box 650, 6102 Vitae Avenue|01/22/1995|08/07/2011|true|38822|1635030781599|Purchasing|AP Manager
Medge, Claire, Lunea, Clinton|Barrett, Denise, Sasha, Tara|Newman|Ap #899-4217 Id, Road|03/25/1960|08/19/2008|true|57875|1645040232799|Purchasing|Beer Purchasing Assistant
Paloma, Kevin, Yvette, Dean|Kelsey, Kitra, Virginia, Britanney|Bass|813-4083 Mus. St.|08/21/1986|07/13/2014|true|52531|1697082232899|Purchasing|Controller
Brynne, Jameson, Nerea, Zenia|Kirestin, Gavin, Xandra, Malachi|Farmer|465-9248 Et, Rd.|10/15/1960|04/13/2006|true|59395|1684081167899|Purchasing|Purchasing Manager
Ira, Yvonne, Lyle, Beverly|Tyrone, Lee, Omar, Alma|Cantu|900-5112 Tempor Rd.|03/22/1998|08/06/2016|false|32273|1688061552799|Sales Support|AP Assistant
Peter, Asher, Anne, Marvin|Aline, Tad, Kuame, Marcia|Odom|P.O. Box 561, 6373 Magna. St.|02/08/1989|05/19/2012|false|38177|1615120819399|AP|Purchasing Manager
Darryl, Evelyn, Jakeem, Ronan|Rhona, Nell, Hoyt, Hayley|Howell|9979 Molestie Av.|01/25/1969|03/09/2009|false|53009|1665091323899|Purchasing|Controller
Colleen, Haley, Jocelyn, Rhiannon|Hyatt, Mason, Montana, Elaine|Albert|5771 Ornare Av.|05/22/1962|10/26/2014|false|35040|1672112714499|AR|Wine Purchasing Assistant
Yen, Fredericka, Wallace, Ori|Noah, Hedy, Tatiana, Xenos|Sheppard|262-9056 Ac Rd.|07/22/1972|08/05/2011|false|44336|1667022582899|AP|Marketing Assistant
Xenos, Driscoll, Morgan, Tanek|Colorado, Cairo, TaShya, Rahim|Hensley|Ap #196-8609 Mollis Avenue|08/25/1988|11/18/2006|true|36943|1646113075699|Marketing|AP Assistant
Adrian, Gail, Connor, Francesca|Uma, Cathleen, Malik, Julie|Mason|2837 Morbi St.|10/23/1989|10/05/2003|false|32432|1667040481299|AP|AR Manager
Geraldine, Rebekah, Chava, Cecilia|Plato, Dane, Aquila, Travis|Gibbs|524-3568 Metus. Street|01/11/1970|12/21/2015|true|54969|1653072345799|Purchasing|AR Manager
Veda, Noelani, Judah, George|Nissim, Rebekah, Naomi, Kaden|Barber|5784 Phasellus Rd.|12/26/1975|09/07/2016|true|35977|1677051778599|Sales Support|AR Manager
Quentin, Pandora, Kerry, Lacy|Lilah, Martena, Bevis, Nicole|Berg|P.O. Box 145, 5850 Lectus Avenue|09/06/1996|06/13/2006|true|29304|1635090591499|Sales Support|AP Manager
Thaddeus, Daphne, Abraham, Iris|Baker, Chaim, Noble, Hadley|Richards|3800 A St.|03/31/1995|12/02/2011|false|39775|1690072346799|AR|Controller
Kai, Quentin, Kelly, Chastity|Cleo, Yvonne, Clark, Keely|Gonzalez|7475 Lectus Ave|07/06/1980|08/06/2008|true|33619|1650121282699|Marketing|Marketing Assistant
Marah, Kenneth, Ivor, Adena|Kitra, George, Forrest, Briar|Bailey|7920 Cras Street|01/25/1977|09/20/2012|false|53729|1603032898999|Marketing|Controller
Adam, Kirsten, Ulysses, Germane|Orlando, Dolan, Caleb, Jemima|Benson|5586 Fusce Rd.|08/11/1993|02/18/2003|true|39107|1613072603499|AR|AR Manager
McKenzie, Joelle, Isadora, Anastasia|Graham, Keefe, Karen, Vivien|Hale|P.O. Box 753, 683 Tellus. Ave|09/14/1978|02/10/2007|true|32600|1687040288899|AP|Wine Purchasing Assistant
Ava, Carly, Sybill, Jennifer|Brady, Adele, Macey, Harriet|Dyer|Ap #859-6882 Sapien, St.|06/26/1992|04/04/2005|true|40035|1683041473599|AP|Marketing Assistant
Amos, Penelope, Gay, Pandora|Reagan, Fritz, Lunea, Ramona|Flynn|P.O. Box 442, 6966 Curabitur Road|05/03/1986|01/14/2016|true|42074|1674011514999|AP|Purchasing Manager
Lev, Gwendolyn, Kylie, Mari|Tanek, Ora, Suki, Emily|Hancock|7853 Feugiat Avenue|04/28/1964|11/06/2003|true|59554|1601110605699|Purchasing|Office Manager
Akeem, Yael, Deanna, Imani|Nehru, Kelly, Denise, Signe|Hoffman|1659 Ipsum Rd.|10/14/1960|12/18/2016|false|49162|1658030937399|AP|AP Assistant
Sylvester, Dean, Scott, Kenneth|Aimee, Ciara, Destiny, Constance|Gillespie|P.O. Box 141, 9262 Eu, Av.|07/08/1970|01/30/2008|false|52804|1631071640999|Purchasing|Marketing Assistant
Elvis, Reece, Ivor, Montana|Miranda, Ila, Camilla, Lael|Bernard|Ap #732-9354 Cursus St.|06/08/1989|08/29/2009|false|40652|1626032278599|Sales Support|Wine Purchasing Assistant
Solomon, Sawyer, Desirae, Ingrid|Darrel, Blaine, Tanya, Courtney|Parks|Ap #399-7435 Euismod St.|08/03/1964|02/25/2008|false|40595|1642061387099|Sales Support|AR Associate
Jemima, Charde, Kieran, Igor|Cain, Elaine, Remedios, Lisandra|Wolfe|190-3663 Nec St.|01/23/1974|03/03/2013|false|59770|1635052416299|Marketing|AR Associate
Colton, Ivor, Gary, Louis|Hyatt, Ima, Hashim, Carla|Vazquez|P.O. Box 680, 4762 Ut Rd.|04/25/1968|07/21/2009|true|40123|1635091501899|AR|AR Manager
Oleg, Jenette, Yardley, McKenzie|Burke, Ryan, Cecilia, Ishmael|Morrison|P.O. Box 339, 3533 Sed, Street|12/20/1987|01/05/2010|true|54469|1641072491999|Purchasing|AP Manager
Ahmed, Yuli, Leroy, Wing|Tanya, Walker, Taylor, Martha|Delaney|951-3979 Sapien. St.|02/10/1994|12/21/2012|false|44908|1690081040999|AP|AP Assistant
Arden, Caldwell, Tanya, Azalia|Phelan, Nyssa, Grady, Minerva|Reyes|P.O. Box 468, 2962 Habitant St.|06/13/1991|11/16/2009|false|32599|1632052449399|Marketing|Purchasing Manager
Galvin, Florence, Kylee, Tatiana|Olympia, Scarlett, Jade, Indigo|Campbell|Ap #759-919 Ullamcorper. St.|12/01/1990|07/07/2004|true|48712|1603102953499|Purchasing|Controller
Jerome, Shelley, Plato, Lysandra|Hamilton, Harriet, Candace, Kaye|Howe|P.O. Box 833, 4376 Nullam Rd.|04/12/1988|04/28/2007|true|30373|1630112264699|Purchasing|AP Manager
Kenyon, Hedy, Astra, Jin|Rhiannon, Cassidy, Grady, Lacy|Galloway|P.O. Box 202, 5445 Felis Av.|01/28/1990|10/16/2008|false|51447|1648081313799|Sales Support|AR Manager
Merrill, Quail, Eaton, Felicia|Ciaran, Maya, Dacey, Griffith|Fowler|Ap #262-684 Morbi Ave|01/01/1980|09/16/2012|false|56085|1695112536699|AP|Wine Purchasing Assistant
Medge, Raven, Beau, Beck|Ulla, Kim, Tate, Emmanuel|Campos|676-6080 Ante Rd.|10/03/1980|06/02/2004|true|41979|1604051422899|AP|AR Associate
Jerry, Colton, MacKenzie, Gareth|Kasimir, Kylan, Mara, Karleigh|Mcneil|9023 Tristique Ave|11/13/1979|09/18/2013|false|32447|1653071598399|Purchasing|Beer Purchasing Assistant
Reed, Grady, Ignatius, Craig|Dahlia, Eric, Wilma, Fallon|Lancaster|P.O. Box 990, 8906 Ante St.|05/14/1987|11/22/2016|false|43019|1640110329199|Sales Support|Marketing Assistant
Kaye, Dai, Dalton, Joy|Francesca, April, Nell, Hyatt|Reese|Ap #242-6830 Malesuada Rd.|02/17/1991|10/07/2014|true|37546|1625071812199|AP|Controller
Amity, Silas, Lilah, Blair|Steel, Olivia, Amber, Carlos|Dominguez|9697 Quam Ave|05/06/1991|04/12/2015|true|34412|1673070423499|Marketing|Controller
Kaye, Boris, Melvin, Adara|Martin, Travis, Nigel, Cooper|Klein|Ap #223-2808 Nascetur Rd.|11/08/1968|06/12/2002|false|28786|1634110805199|Sales Support|Wine Purchasing Assistant
Fallon, Jada, Stacey, Aspen|Calista, Ali, Melissa, Blossom|Diaz|Ap #497-7559 Ac St.|03/16/1972|05/25/2007|true|58250|1618050846299|AR|AP Assistant
Adria, Xantha, Willow, Eleanor|Dara, Hilda, Jessica, Hector|Keith|5401 Fusce Av.|08/27/1989|09/12/2009|false|49839|1672120624199|Marketing|Marketing Assistant
Carter, Rhona, Hedley, Gray|Ulysses, Hiram, Yardley, Delilah|Lindsay|932-7193 Nec Rd.|01/26/1969|01/08/2016|false|42182|1643060542799|AP|AP Assistant
Gay, Gray, Destiny, Walker|Rana, Angelica, Unity, Trevor|Marquez|6977 Nec, Road|11/08/1988|12/22/2007|false|40391|1673110815899|Purchasing|AP Assistant
Raven, Whitney, Jesse, Evelyn|Pascale, Cynthia, Shelby, Idola|Porter|Ap #841-8230 Aenean Road|03/21/1994|12/25/2008|true|38463|1638052279599|Marketing|AP Assistant
Ella, Anjolie, Helen, Brielle|Charles, Marshall, Daniel, Britanney|Carr|960-9562 Nunc Ave|08/20/1978|04/08/2008|true|59702|1698020227999|AP|AP Manager
Hayley, Hedy, Sybill, Drake|Yoko, Octavius, Odysseus, Quemby|Harrison|Ap #860-2041 Nisl. Street|11/21/1990|01/23/2010|false|29749|1647062630099|Marketing|Marketing Assistant
Dante, Carl, Anjolie, Imani|Tatyana, Karyn, Keaton, Igor|Wilson|6425 Ornare. Ave|11/20/1965|12/20/2015|true|29424|1621051191499|Sales Support|AR Manager
Alice, Rowan, Hillary, Dacey|Donovan, Kaye, Slade, Dara|Gilmore|Ap #309-7354 Eleifend Avenue|08/01/1991|04/04/2009|true|57710|1620010787199|Marketing|Purchasing Manager
Aretha, Walker, Lesley, James|Gillian, Fitzgerald, Leila, Rinah|Stout|P.O. Box 280, 7020 Magna Street|01/05/1965|05/08/2007|true|37459|1640082730499|AR|AR Associate
Shaeleigh, Magee, Jescie, Madeline|Winter, Desirae, Phelan, Aspen|Kramer|Ap #866-5052 Malesuada Rd.|08/26/1960|02/22/2011|false|41190|1631033005199|Marketing|Beer Purchasing Assistant
Channing, Glenna, Jared, Gretchen|Mira, Ocean, Troy, Germane|Conner|Ap #646-5162 Et, St.|07/14/1972|01/27/2015|true|37472|1653100697999|Sales Support|AR Manager
Len, Eleanor, Idona, Quinn|Ignacia, Clayton, Kim, Iona|Avery|P.O. Box 451, 2415 Non, Av.|03/12/1985|04/30/2005|true|39202|1640053046099|AP|Wine Purchasing Assistant
Astra, Tamara, Jamalia, Rana|Kenneth, Chase, Scarlet, Joshua|Lowery|P.O. Box 882, 4738 Fusce Rd.|12/07/1960|04/03/2008|false|33350|1610010589799|AR|AP Assistant
George, Kellie, Francis, Maggie|Cole, Veronica, Belle, Veronica|Mcneil|Ap #572-9748 Posuere Street|10/22/1986|06/26/2011|false|57779|1637092331499|Sales Support|Controller
Maris, Robin, Shad, Bree|Sylvia, Ahmed, Tyrone, Ursa|Spears|944-5097 Sem. Rd.|08/15/1998|12/07/2016|true|50581|1645041036199|AR|AP Assistant
Malik, Ahmed, Kelsie, Jessica|Nehru, MacKensie, Ursula, Ariel|Moon|P.O. Box 234, 6412 Ultrices. St.|05/11/1969|02/21/2014|true|48914|1661082975799|Purchasing|AP Manager
Carolyn, Lucas, Claudia, Hiroko|Susan, Blaine, Abra, Quin|Grant|Ap #842-1278 Ipsum Street|10/30/1992|01/20/2012|true|35301|1644042356299|Purchasing|Beer Purchasing Assistant
Courtney, Amela, Phyllis, Kaye|Rudyard, Cassandra, Kay, Debra|Gregory|Ap #715-1667 Nec, Road|01/06/1975|07/14/2012|true|34749|1680122854999|AR|Purchasing Manager
Catherine, Uriah, Lael, Hayley|Uriel, Jade, Lesley, Kasper|Blevins|8433 Aliquam Street|10/26/1963|07/25/2002|false|44096|1652010680399|AR|Office Manager
John, Myles, Elaine, Sigourney|Janna, Oleg, Curran, Gannon|Morin|P.O. Box 205, 2792 Tincidunt Road|05/20/1963|09/19/2003|false|40993|1691080202999|AP|AP Assistant
William, Lysandra, Pearl, Anne|Fay, Bradley, Zachary, Selma|Morrow|P.O. Box 327, 2115 Netus Av.|04/23/1990|01/05/2015|false|35955|1645112485699|Purchasing|Wine Purchasing Assistant
Hedda, Emi, Malik, Piper|Macon, Angelica, Heather, Joan|Shepard|444-740 Gravida Rd.|06/14/1976|06/14/2014|true|38777|1693072585799|Purchasing|Marketing Assistant
Colby, Halee, Josiah, Jonas|Yasir, Joelle, Francis, Denise|Holmes|P.O. Box 165, 8068 Morbi Street|10/04/1971|08/26/2007|true|53897|1673062098899|Marketing|AR Manager
Hyatt, Colette, Aurelia, Halla|Vera, Autumn, Kiona, Fulton|Camacho|6655 Scelerisque Av.|05/11/1965|08/02/2008|true|33063|1692052456199|Purchasing|Wine Purchasing Assistant
Maggie, Evelyn, Wing, Meredith|Tiger, Yardley, Celeste, Thomas|Preston|P.O. Box 248, 7939 Mollis Rd.|03/15/1963|02/06/2014|false|41394|1622051596199|AP|AP Assistant
Kato, Hannah, Jaquelyn, George|Donovan, Germaine, Ariana, Michelle|Dodson|739-2674 Donec Rd.|09/01/1988|11/30/2009|false|56811|1609091521899|AR|Office Manager
Caesar, Rose, Beverly, Hall|Anjolie, Chase, Breanna, Zelenia|Kemp|793-1867 Conubia St.|06/30/1986|05/24/2007|true|46757|1621092835499|AP|AP Manager
Damian, Xanthus, Renee, Jesse|Charity, Hilary, Melinda, Nicholas|Mullins|P.O. Box 142, 6693 Molestie St.|07/01/1989|11/29/2006|true|28193|1653121638499|Purchasing|Wine Purchasing Assistant
Ella, Scott, Aquila, Belle|Halee, Yuli, Lysandra, Armando|Foreman|Ap #530-4692 Lobortis St.|09/18/1998|08/09/2007|false|42978|1696122838399|Sales Support|Office Manager
Hayes, Kellie, Hunter, Basil|Athena, Charles, Knox, Riley|Padilla|9162 Pellentesque St.|06/17/1994|09/09/2003|true|54781|1606122525099|Marketing|AP Assistant