Nola, Hall, Edan, Kenyon|Olga, Shannon, Emmanuel, Nero|Lamb|371 Faucibus St.|08/01/1966|04/28/2004|true|49867|1677112867799|0|0|0|0|0|Greenville|true|false|true
Anne, Jackson, Nita, Myles|Ingrid, Shannon, Selma, Silas|Humphrey|5227 Feugiat. Ave|12/19/1970|01/14/2008|false|29415|1647032739899|0|0|0|0|0|Rockhill|true|false|false
Cameron, Tanisha, Quin, Joan|Jemima, Violet, Conan, Isabelle|Willis|609-7620 Euismod Av.|08/26/1998|11/29/2013|true|49074|1610070169699|0|0|0|0|0|Rockhill|false|true|true
Jaden, Marvin, Leila, Evan|Amery, Xerxes, Claudia, Mia|Bentley|858 Ornare Rd.|01/28/1984|10/20/2016|true|33187|1612062070699|0|0|0|0|0|Florence|true|false|false
Courtney, Kennedy, Amena, Courtney|Guinevere, Rina, Giselle, Jane|Adkins|2184 Ultrices Rd.|01/31/1984|11/09/2011|false|53241|1633052485299|0|0|0|0|0|Myrtle Beach|false|true|true
Daniel, Alana, Dominique, Cassandra|Hector, Guinevere, Nicholas, Marny|Reilly|Ap #455-980 Orci. Av.|08/04/1996|05/30/2008|true|30576|1611040380299|0|0|0|0|0|Rockhill|true|true|true
Angelica, Shellie, Aquila, Connor|Xenos, Cedric, Edan, Quentin|Pierce|724-787 Tincidunt Road|09/05/1968|04/19/2010|false|52489|1673031847299|0|0|0|0|0|Greenville|true|true|false
Rebecca, Jamalia, Lev, Inez|Ashely, Daria, Ciaran, Colorado|Key|P.O. Box 214, 8836 Vulputate Av.|01/02/1994|06/18/2008|true|59275|1670072842199|0|0|0|0|0|Myrtle Beach|true|true|false
Wanda, Lyle, Sonia, Jackson|Hedwig, Dale, Delilah, Farrah|Kramer|P.O. Box 307, 5060 Erat Av.|07/10/1982|05/06/2012|true|32308|1639022690499|0|0|0|0|0|Florence|true|true|true
Victor, Tashya, Dominic, Jelani|Hannah, Connor, Jermaine, Jenna|West|554-3496 Eleifend Road|02/19/1961|06/30/2011|false|53587|1629081760199|0|0|0|0|0|Charleston|false|true|false
Nissim, Olga, Duncan, Ursa|Lillith, Justin, Hall, Rebecca|Rodriquez|941-6782 Tortor. Rd.|09/13/1961|08/20/2009|false|56509|1652072041599|0|0|0|0|0|Columbia|false|false|false
Merrill, Abbot, Erin, Zeph|Vanna, Shellie, Colby, Desiree|Fletcher|832-3535 Vulputate, St.|11/21/1975|01/01/2003|false|38677|1688040269899|0|0|0|0|0|Aiken-North Augusta|true|false|false
Montana, Chanda, Nelle, Arthur|Jana, Rowan, Aline, Chaim|Vargas|8336 Libero. St.|12/06/1994|03/23/2008|false|43316|1650012537699|0|0|0|0|0|Columbia|false|true|true
Charity, Carissa, Janna, Illiana|May, Dominic, Knox, Helen|Mccullough|P.O. Box 439, 720 Vel Road|01/15/1963|06/06/2016|false|38911|1647032082499|0|0|0|0|0|Florence|false|true|false
Alexandra, Avram, Armando, Katell|Farrah, Harriet, Hector, Herman|Workman|P.O. Box 907, 6273 Et Road|04/05/1966|02/01/2007|true|47449|1664061939699|0|0|0|0|0|Aiken-North Augusta|false|false|true
Phillip, Bree, Ila, Breanna|Lucas, Lois, Anjolie, Troy|Dixon|P.O. Box 847, 8081 Curae; Rd.|10/02/1982|06/02/2009|true|55010|1628031639499|0|0|0|0|0|Myrtle Beach|false|false|false
Ahmed, Erasmus, Aretha, Abbot|Miranda, Astra, Neil, Quincy|Workman|117-6302 Curabitur St.|07/25/1960|11/06/2005|false|44082|1696110349499|0|0|0|0|0|Greenville|false|false|true
Sylvester, Len, Ethan, Mason|Courtney, Zenaida, Riley, Jada|Oconnor|879-2596 Sagittis St.|04/07/1987|03/09/2014|true|33841|1612101808999|0|0|0|0|0|Florence|true|true|true
Basil, Lawrence, Leigh, Gwendolyn|Alec, Jacqueline, Marsden, Cameron|Griffin|264-7294 Velit Road|06/01/1977|11/03/2015|false|58054|1606042593999|0|0|0|0|0|Myrtle Beach|false|false|true
Christopher, Garth, Olga, Hermione|Avram, Celeste, Levi, Thor|Barr|8432 Ante St.|11/20/1989|08/31/2007|true|28190|1630020420199|0|0|0|0|0|Greenville|false|true|true
Illiana, Clementine, Doris, Jacqueline|Jordan, Jenna, Kylynn, Merrill|Wiley|443-5566 Phasellus Rd.|03/14/1977|10/13/2006|true|56683|1627021223699|0|0|0|0|0|Beaufort-Bluffton-HH|false|false|true
Jillian, Catherine, Meghan, Athena|Sybil, Sydnee, Simon, Tallulah|Woodward|Ap #990-4758 Magna Road|08/01/1963|04/10/2003|false|45818|1686051009699|0|0|0|0|0|Florence|true|true|true
Brynn, Abra, Tamara, Kiona|Zahir, Marny, Zeus, Ava|Alston|3757 Risus. Street|01/23/1997|02/03/2002|true|48841|1641061773199|0|0|0|0|0|Aiken-North Augusta|false|false|false
Victoria, Rhonda, Abigail, Kenneth|Leslie, Ella, Daquan, Noah|Richards|8749 Blandit Ave|07/13/1965|08/28/2008|true|50617|1629042454099|0|0|0|0|0|Rockhill|true|false|false
Byron, Echo, Sylvia, Oren|Ethan, Kelsie, Blossom, Giselle|Reese|2762 Tortor St.|06/23/1968|02/11/2011|true|28160|1631070624399|0|0|0|0|0|Greenville|false|false|false
Angelica, Olga, Thor, Lacota|Holly, Riley, Clark, Ori|Richards|376-9876 Ac Rd.|04/30/1981|11/08/2002|true|44557|1664071776199|0|0|0|0|0|Beaufort-Bluffton-HH|false|false|true
Scott, Duncan, Jolie, Daphne|Fletcher, Drake, Chelsea, Autumn|Bean|Ap #715-1095 Turpis Street|04/15/1990|02/01/2016|true|42890|1629020305199|0|0|0|0|0|Columbia|false|true|false
Taylor, Carter, Connor, Harper|Desiree, Hakeem, Ingrid, Holmes|Boyd|Ap #223-2569 Auctor St.|08/20/1974|12/10/2003|false|35187|1621120782999|0|0|0|0|0|Greenville|true|false|false
Susan, Robert, Sara, Tamekah|Scarlett, Lila, Duncan, Rooney|Terry|664 In Street|05/14/1994|08/23/2012|false|36074|1622071893199|0|0|0|0|0|Charleston|false|false|true
Mason, Keaton, Camille, Eve|Graham, Wang, Forrest, Lewis|Lowery|395-1080 In Av.|01/09/1990|04/14/2007|false|41766|1686101427999|0|0|0|0|0|Myrtle Beach|false|true|false
Brenden, Keegan, Lois, Brennan|Yvonne, Damian, Piper, Aileen|Gomez|3359 Non, Av.|06/29/1960|02/05/2007|true|51671|1677121692399|0|0|0|0|0|Columbia|false|true|true
Tatum, Gloria, Kieran, Janna|Jesse, Lydia, Mira, Karen|Walton|Ap #429-946 Nisi Rd.|07/13/1968|05/04/2006|false|43349|1645082251899|0|0|0|0|0|Beaufort-Bluffton-HH|true|false|true
Holly, Jescie, Sloane, Avram|Bree, Leonard, Harlan, Rebekah|Crosby|P.O. Box 455, 1384 Fusce Av.|04/19/1969|06/19/2005|true|34023|1628042556399|0|0|0|0|0|Myrtle Beach|false|false|false
Kermit, Odysseus, Lucian, Acton|Evangeline, Janna, Denise, Casey|Jennings|P.O. Box 292, 3209 Proin St.|03/11/1984|12/16/2009|false|44417|1635022543899|0|0|0|0|0|Aiken-North Augusta|false|false|false
Kane, Acton, Lee, Derek|Craig, Felicia, Stephanie, Aladdin|Logan|P.O. Box 751, 7041 Lacus Avenue|10/10/1997|03/19/2004|true|41573|1689011181699|0|0|0|0|0|Charleston|true|false|true
Xyla, Cara, Galena, Leilani|Chaney, Amanda, Tanek, Aladdin|Dillon|7422 Porttitor Av.|03/22/1997|11/01/2014|true|51943|1657021640199|0|0|0|0|0|Columbia|false|true|true
Cruz, Octavius, Ivan, Kim|Illana, Sage, Gail, Nadine|Doyle|P.O. Box 606, 7748 Imperdiet, Ave|10/20/1960|08/09/2007|false|34215|1623072165799|0|0|0|0|0|Florence|true|false|true
Carla, Hedwig, Libby, Gisela|Mary, Mira, Lee, Rebekah|Ayala|455-1051 Commodo Rd.|12/05/1962|08/19/2002|false|37288|1667090186199|0|0|0|0|0|Rockhill|true|true|true
Randall, Penelope, Harding, Miranda|Constance, Virginia, Adrian, Jared|Bernard|535-4492 Diam. Ave|07/31/1963|03/05/2002|true|59595|1697062465799|0|0|0|0|0|Beaufort-Bluffton-HH|false|false|false
Macy, Elaine, Nita, Roanna|Dana, Charissa, Neil, Quintessa|Johnson|P.O. Box 499, 380 Dis St.|02/21/1961|03/01/2016|true|37751|1645121004599|0|0|0|0|0|Beaufort-Bluffton-HH|true|false|false
Arthur, Ifeoma, Dara, Nelle|Cailin, Dakota, Quentin, Angelica|Jones|748 Rhoncus. St.|09/04/1996|04/30/2008|false|42425|1633092123499|0|0|0|0|0|Beaufort-Bluffton-HH|false|false|true
Grace, Chanda, Daquan, Kimberley|Daryl, Elaine, Sacha, Kylynn|Lynn|296-9382 Orci St.|04/07/1968|03/06/2013|true|38800|1635051775599|0|0|0|0|0|Columbia|true|true|true
Wang, Hayfa, Destiny, Howard|David, Bert, Larissa, Winter|Galloway|Ap #126-923 Neque. Ave|05/21/1990|12/15/2010|false|45596|1665051302299|0|0|0|0|0|Rockhill|false|false|false
Kuame, Bethany, Graiden, Joseph|Maile, Idola, Hedley, Mechelle|Elliott|441-6051 Ridiculus St.|10/26/1994|07/18/2008|false|39207|1646122792199|0|0|0|0|0|Charleston|false|true|false
Harrison, Isaiah, Susan, Basia|Unity, Mariam, Cassady, John|Crosby|8343 Ornare St.|12/21/1987|12/10/2013|true|50344|1622030282899|0|0|0|0|0|Aiken-North Augusta|true|false|true
Camden, Rogan, Roth, Scarlet|Logan, Slade, Kameko, Serena|Murphy|Ap #997-9448 Vulputate, Road|01/22/1966|04/17/2010|true|30877|1683101248199|0|0|0|0|0|Columbia|false|false|false
Harlan, Abra, Marvin, Mark|Hermione, Dara, Fulton, Athena|Campos|4191 Amet, Rd.|09/15/1979|10/06/2010|true|35294|1611102383799|0|0|0|0|0|Beaufort-Bluffton-HH|true|false|true
Amanda, Jordan, Mohammad, Iona|Bruce, Stella, Indira, Patrick|Craft|Ap #296-5436 Proin Rd.|11/13/1986|06/19/2012|false|52807|1655102608199|0|0|0|0|0|Rockhill|false|true|true
Farrah, Wynter, Keelie, Travis|Cecilia, Chester, Joan, Dai|Nichols|P.O. Box 517, 7040 Ac Rd.|05/09/1968|07/28/2016|false|41817|1649072778999|0|0|0|0|0|Beaufort-Bluffton-HH|false|false|false
Scarlet, Nola, Calista, Ima|Justine, Inga, Jerome, Demetrius|Gregory|Ap #248-7359 Sapien, Road|12/31/1973|02/11/2005|true|42782|1636052874699|0|0|0|0|0|Beaufort-Bluffton-HH|false|false|false
Helen, Castor, Peter, Maggy|Ulysses, Baxter, Logan, Fiona|Shelton|P.O. Box 566, 495 Fringilla Rd.|12/12/1983|10/27/2012|false|30917|1658073055199|0|0|0|0|0|Rockhill|false|false|false
Nola, Raya, Kyle, Tyrone|Mark, Yael, Sonia, Kevyn|Waller|704-1048 Elementum Av.|09/25/1966|01/28/2008|true|42885|1694052823999|0|0|0|0|0|Aiken-North Augusta|true|false|true
Lawrence, Tyler, Kelsie, Anika|Byron, Macy, Unity, Adrienne|Odonnell|P.O. Box 220, 5381 Ornare Road|07/07/1961|01/01/2010|false|30417|1684092784699|0|0|0|0|0|Charleston|true|true|true
Iris, Scott, Brenna, Mohammad|Signe, Demetria, Maxwell, Deirdre|Workman|7957 Feugiat Av.|09/17/1965|04/15/2013|true|49556|1647030272599|0|0|0|0|0|Charleston|true|true|false
Hashim, Tanya, Macaulay, Aristotle|Sade, Patricia, Remedios, Calvin|Santana|Ap #410-5304 Nec St.|08/18/1961|09/11/2014|true|39037|1636110972899|0|0|0|0|0|Myrtle Beach|true|false|false
Denton, Melyssa, Ursa, Reed|Xandra, Dale, Hedda, Jerome|Klein|Ap #438-8875 Tempor Rd.|01/09/1973|02/09/2002|false|45753|1664082102799|0|0|0|0|0|Charleston|true|true|false
Hyacinth, Steven, Vincent, Acton|Louis, Palmer, Kessie, Rachel|Hahn|6110 Dapibus Rd.|07/25/1970|05/15/2005|true|50968|1668060488199|0|0|0|0|0|Charleston|true|false|false
Marvin, Baxter, Xenos, Tasha|Hope, Pandora, Alec, Maile|Ross|P.O. Box 554, 9704 Risus. St.|11/29/1964|03/22/2015|true|50912|1686070772199|0|0|0|0|0|Beaufort-Bluffton-HH|true|true|false
Jena, Simon, Astra, Ashton|Cadman, Salvador, Jelani, Dacey|Mckee|P.O. Box 297, 5340 Neque St.|11/07/1963|03/05/2007|true|30784|1632100850599|0|0|0|0|0|Aiken-North Augusta|true|false|true
Marny, Mason, Lance, Owen|Alfonso, Donna, Clinton, Timon|Riggs|P.O. Box 660, 1944 Dolor Ave|10/26/1983|11/03/2002|true|53726|1626121780599|0|0|0|0|0|Greenville|false|false|true
Wanda, Zephania, Tamekah, Mark|Callie, Jamalia, Jaden, Keiko|Carr|112-5933 Molestie St.|04/07/1973|01/10/2006|false|32523|1671051862499|0|0|0|0|0|Myrtle Beach|true|true|true
Robin, Francesca, Giacomo, Donovan|Len, Kellie, Melodie, Steven|Hutchinson|471-7601 Vitae St.|09/10/1998|09/12/2010|false|38875|1672042508699|0|0|0|0|0|Rockhill|true|true|false
Lesley, Carolyn, Isadora, Bianca|May, Vance, Flavia, Stephanie|Leblanc|200-8642 In Street|07/03/1968|04/11/2013|true|43648|1635062700999|0|0|0|0|0|Greenville|false|false|false
Jeremy, Lacota, Blossom, Brent|Kasper, Mikayla, Gemma, Whilemina|Holloway|Ap #114-1896 Est, Road|04/23/1972|01/14/2012|true|35752|1692122919399|0|0|0|0|0|Rockhill|false|false|true
Avye, Kadeem, Gemma, Taylor|Cain, Gretchen, Imelda, Ingrid|Holden|Ap #206-1423 Lacus Avenue|08/11/1980|02/11/2007|true|30712|1658020218799|0|0|0|0|0|Rockhill|true|false|true
Orli, Xyla, Tashya, Oliver|Ivory, Darrel, Jescie, Yoko|Velazquez|7438 Elit Ave|11/18/1994|07/15/2013|false|29131|1629102096199|0|0|0|0|0|Charleston|false|false|false
Caldwell, Roth, Jena, Jorden|Fulton, Buffy, Chloe, Blake|Higgins|P.O. Box 596, 4808 Justo Av.|06/08/1985|01/12/2014|false|38491|1648072575199|0|0|0|0|0|Columbia|false|false|true
Leilani, Jackson, Graiden, Reece|Larissa, Kato, Stacy, Whoopi|Schultz|851-2222 Magna Avenue|10/20/1969|11/27/2016|false|46941|1620030672299|0|0|0|0|0|Beaufort-Bluffton-HH|false|false|true
Nasim, Channing, Quamar, Wynter|Valentine, Sawyer, Belle, Faith|Hopkins|5061 Arcu. Av.|12/30/1985|12/15/2008|true|45813|1637041079799|0|0|0|0|0|Rockhill|false|false|true
Solomon, Chaney, Alika, Macon|Hall, Anastasia, Elaine, Hayfa|Kinney|P.O. Box 711, 183 Sed Rd.|06/18/1960|12/17/2007|true|52437|1604031384199|0|0|0|0|0|Columbia|true|false|false
Paul, William, Kitra, Irene|Vladimir, Eagan, Scarlett, Patricia|Wilkinson|Ap #708-3943 Vestibulum. St.|06/01/1972|11/18/2008|false|53254|1642022307099|0|0|0|0|0|Charleston|true|false|true
Keely, Aiko, Clementine, Branden|Cadman, Thaddeus, Josephine, Caldwell|Hubbard|Ap #842-5593 Elementum, Street|06/03/1975|10/30/2005|false|32094|1634023061399|0|0|0|0|0|Rockhill|false|false|false
Dante, Oprah, Grady, Cleo|Maris, Ayanna, Upton, Norman|Oneal|P.O. Box 464, 852 Aenean St.|01/31/1978|02/02/2002|true|36700|1674071080999|0|0|0|0|0|Aiken-North Augusta|true|true|true
Drake, Jeanette, Quynn, Hayfa|Tad, Leonard, Ginger, Alden|Hyde|669-2708 Gravida Ave|04/17/1985|09/20/2006|false|29448|1602061896899|0|0|0|0|0|Beaufort-Bluffton-HH|false|false|true
Kai, Octavius, Rae, Charissa|Hoyt, Hiram, Clinton, Mona|Myers|8094 Tincidunt St.|05/16/1974|07/06/2006|true|58765|1611042248399|0|0|0|0|0|Myrtle Beach|true|true|true
Giacomo, Maxwell, Brian, Tarik|Noelani, Shelly, Kylynn, Adrian|Richardson|896-2424 Dolor Avenue|01/12/1975|12/28/2014|true|28150|1627121803299|0|0|0|0|0|Aiken-North Augusta|false|true|false
Indigo, Norman, Indigo, Barclay|Valentine, Wang, Herman, Holly|Phelps|3399 Dolor. St.|04/11/1982|04/08/2012|false|57765|1643092267899|0|0|0|0|0|Rockhill|true|false|false
Octavia, Alvin, Nathaniel, Quail|Jermaine, Remedios, Dana, Skyler|Hoover|Ap #733-658 Nec, Road|05/13/1967|04/21/2013|false|51453|1620030919499|0|0|0|0|0|Myrtle Beach|true|true|false
Alexandra, Gavin, Chancellor, Gretchen|Rooney, Tyler, Reece, Winter|Briggs|6909 Lorem St.|02/14/1963|10/14/2013|true|57485|1626050340299|0|0|0|0|0|Columbia|false|true|true
Lenore, Clinton, Magee, Alea|Josiah, Danielle, Steven, Brett|Cruz|Ap #320-8619 Massa. Avenue|12/23/1984|05/03/2003|true|39373|1608070925999|0|0|0|0|0|Rockhill|false|true|false
Colton, Pamela, Moses, Rigel|Kalia, Martin, Naomi, Andrew|Langley|2916 Integer Ave|07/29/1985|03/26/2013|true|47035|1663100554299|0|0|0|0|0|Aiken-North Augusta|true|true|false
Ruth, Colorado, Althea, Skyler|Lara, Trevor, Rowan, Irma|Davenport|257-664 Ullamcorper, Ave|06/23/1987|05/14/2009|false|58155|1691052634199|0|0|0|0|0|Charleston|false|false|false
Kermit, Alfonso, Cooper, Burton|Ethan, Byron, Keely, Kibo|Hebert|P.O. Box 838, 6724 Pede St.|09/14/1967|04/05/2002|false|31753|1664090209299|0|0|0|0|0|Rockhill|false|false|true
Eagan, Lacota, Halla, Cassidy|Maile, Macy, Daphne, Sasha|Myers|P.O. Box 323, 1489 Gravida. Street|11/08/1984|02/24/2002|false|32082|1636120566799|0|0|0|0|0|Charleston|true|true|false
Jana, Brittany, Charde, McKenzie|Suki, Kirby, Hayley, Victor|Robbins|5266 Semper Rd.|03/18/1976|07/07/2014|false|30660|1677100805799|0|0|0|0|0|Aiken-North Augusta|false|false|true
Ahmed, Ainsley, Cullen, Wang|Patrick, Axel, Dalton, Kadeem|Vinson|P.O. Box 664, 3901 Proin Av.|09/26/1974|11/14/2011|false|46367|1642020991399|0|0|0|0|0|Rockhill|false|true|false
Phoebe, Meredith, Clark, Driscoll|Ora, Valentine, Garth, Alice|Whitaker|894-4574 Non Street|07/20/1975|04/11/2009|false|59067|1692070711599|0|0|0|0|0|Aiken-North Augusta|false|true|false
Ann, Mannix, Tyrone, August|Jeanette, Sade, Jacob, Jescie|Russell|878-1118 Pede. Ave|07/27/1983|12/16/2015|false|30304|1680033070299|0|0|0|0|0|Columbia|true|false|true
Rose, Hillary, Brady, Myra|Denise, Hedwig, Hakeem, Vernon|Ashley|817-726 Interdum Road|01/09/1961|02/24/2005|true|51628|1612101670999|0|0|0|0|0|Myrtle Beach|true|false|false
Demetrius, Germaine, Paki, Galvin|Cedric, Violet, Driscoll, Sharon|Dale|200-3239 Vestibulum Road|05/28/1962|07/25/2010|true|35804|1609101188199|0|0|0|0|0|Rockhill|true|true|true
Miriam, Brenden, Audrey, Abra|MacKenzie, Rigel, Chandler, Aurora|Hays|Ap #673-5010 Integer Ave|07/31/1970|11/09/2015|false|49534|1617092188799|0|0|0|0|0|Rockhill|true|true|false
Jena, Rhonda, Russell, Dexter|Stuart, Joseph, Tanek, Deacon|Butler|641-9809 Senectus Av.|02/07/1961|07/21/2008|true|34787|1672011533999|0|0|0|0|0|Myrtle Beach|true|false|false
Devin, Ayanna, Dorian, Dara|Zachery, Gemma, Zane, Porter|Benson|886-6278 Ultrices Ave|01/06/1996|12/15/2011|true|59007|1678072987799|0|0|0|0|0|Aiken-North Augusta|true|true|true
Ferdinand, Slade, Leandra, Remedios|Beatrice, Yeo, Noble, Emi|Bates|P.O. Box 132, 746 Dictum Av.|10/28/1974|03/24/2005|false|34099|1689021697599|0|0|0|0|0|Charleston|false|true|true
Eagan, Preston, Drew, Gregory|Camilla, Calista, Wyatt, Aileen|Tucker|8659 Tincidunt. Avenue|03/17/1961|04/28/2003|false|58080|1641062097999|0|0|0|0|0|Aiken-North Augusta|false|true|true
Maia, Marshall, Bo, Zoe|Myra, Karina, Cain, Tashya|Hampton|Ap #911-8509 Nascetur St.|10/24/1996|09/14/2009|true|29358|1618011581899|0|0|0|0|0|Greenville|true|false|true
Ralph, Cedric, Brian, Sonya|Haley, Branden, Caleb, Stacey|Tyson|3863 Et St.|06/27/1962|07/02/2006|false|55233|1676040576299|0|0|0|0|0|Columbia|true|false|true
Bryar, Aimee, Reagan, Bethany|Sharon, Kimberly, Steven, Nina|Kennedy|P.O. Box 376, 6079 Fringilla Rd.|05/28/1973|01/06/2006|true|50865|1675110927599|0|0|0|0|0|Columbia|true|false|true
Fay, Alisa, Cameron, Denton|Ila, Ulric, Diana, Ann|Wheeler|P.O. Box 338, 2899 Mollis St.|02/20/1966|10/15/2015|true|55033|1614060612699|0|0|0|0|0|Charleston|false|true|false
Hiroko, Joan, Uta, John|Dana, Chanda, Autumn, Yoko|Hill|P.O. Box 490, 7592 Vitae Street|04/01/1989|04/04/2016|false|43700|1608041920399|0|0|0|0|0|Columbia|false|false|true