Kameko, Elijah, Patience, Dorothy|Caesar, McKenzie, Winter, Victor|Dickerson|4839 Nullam Road|06/10/1983|09/15/2015|false|56447|1646062678699|false|false|true|Beer|659223374
Eugenia, Griffin, Orlando, Christen|Colt, Amy, Jayme, Megan|Case|P.O. Box 872, 8765 Malesuada Street|03/02/1995|12/20/2005|false|30966|1641092516099|true|true|false|Returns|445268709
Meghan, Lamar, Brody, Damon|Fritz, Willow, Ferdinand, Zane|Dudley|Ap #701-6221 Dictum St.|01/04/1981|08/04/2003|true|29958|1607112101299|false|false|true|Returns|994997906
Melodie, Kyla, Zelda, Fay|Tasha, Cecilia, Sigourney, Bianca|Hughes|P.O. Box 777, 1565 Risus. Av.|05/08/1977|09/09/2009|false|32078|1694020947199|false|true|false|Returns|082042409
Wade, Lamar, Thomas, Brody|Astra, Martina, Colin, Jenette|Todd|953-2640 Ut, St.|01/17/1976|11/17/2005|false|59287|1639082063499|true|false|false|Beer|456517069
Oleg, Ethan, Elliott, Casey|Quinn, Robert, Stacey, Jerome|Cote|3644 Risus. St.|09/24/1990|04/01/2014|true|32634|1679032929199|false|false|true|Returns|303400196
Dale, Madaline, Nasim, Dacey|Cade, Jenna, Adam, Kelsey|Peters|969-7276 Commodo Road|10/31/1964|05/28/2016|false|48787|1628012503399|false|false|true|Returns|940104771
Ivan, Aretha, Devin, Fatima|Yoshi, Ayanna, Kimberley, Moses|Mercado|Ap #673-3156 Cursus Avenue|02/10/1982|05/16/2016|true|37462|1634102745799|false|true|false|Returns|657920898
Herrod, Danielle, Stella, Jared|Lillith, Bernard, Alexis, Irma|Bryant|8481 Posuere St.|08/24/1984|10/21/2002|false|42481|1630040660199|true|true|false|Returns|859213217
Keiko, Hedy, Lamar, Ori|Leroy, Castor, Zahir, Abraham|England|618-7086 Risus. St.|11/20/1987|08/14/2011|true|49527|1668011289199|true|true|false|Wine|048619530
Moses, Rafael, Declan, Kylan|Hilel, Aubrey, Ria, Cody|Henderson|Ap #754-400 Augue St.|10/04/1991|09/26/2014|true|32681|1633022652599|false|false|true|Wine|089715445
Sybill, Nola, Wilma, Shaeleigh|Ray, Velma, Emery, Cara|Austin|Ap #435-4568 Vehicula Rd.|10/10/1998|02/17/2016|false|48600|1679022796699|false|false|true|Returns|302745427
Zenia, Kamal, Octavius, Jaime|Wing, Margaret, Nayda, Rana|Langley|593-3231 Mus. Ave|01/31/1984|04/02/2014|true|30763|1657071488299|true|true|false|Kegs|637710112
Lacey, Kathleen, Anjolie, Ignatius|Forrest, Carter, Christopher, Giacomo|Nixon|P.O. Box 413, 7486 Aliquet Rd.|09/26/1983|07/28/2014|true|33194|1631082697999|true|true|true|Returns|773666722
Shana, Quintessa, Skyler, Peter|Xander, Mikayla, Giselle, Natalie|Velez|8346 Scelerisque Road|07/15/1991|09/13/2012|true|46337|1640101575199|false|false|false|Returns|909622557
James, Drew, Imani, Gloria|Neville, Darrel, Samuel, Porter|Witt|P.O. Box 412, 9196 Et St.|02/27/1990|11/06/2007|false|29129|1650033059099|false|false|false|Kegs|962753570
Dale, Sybil, Lacota, Troy|Amery, Brennan, Denton, Josephine|Sharpe|3005 Dui. St.|07/05/1963|08/15/2009|false|44003|1639092256199|true|false|false|Returns|295822373
Diana, Ruth, Suki, Xaviera|Andrew, Martin, Geoffrey, Angela|Bentley|P.O. Box 812, 177 Ipsum. Rd.|09/17/1989|08/14/2007|false|36469|1647070315699|true|true|false|Wine|421238031
Blair, Melvin, Katelyn, Britanni|Quinn, Risa, Morgan, Karyn|Mercer|Ap #677-188 Placerat, Rd.|10/05/1975|01/14/2008|false|43390|1614121093399|true|false|false|Wine|867383382
Bevis, Karina, Jada, Yvonne|Kelsie, Kevin, Lenore, Haley|Potts|Ap #912-1976 Arcu. Rd.|10/18/1995|10/13/2014|true|38422|1616060735999|false|false|false|Wine|026906297
Edan, Trevor, Macon, Valentine|Barbara, Cassandra, Alden, Candice|Rose|653-9157 Elit, Ave|07/07/1994|07/06/2015|false|46497|1685073071399|true|true|true|Beer|252130141
Delilah, Blaine, Deanna, Allegra|Flynn, Buffy, Bethany, Dolan|Hudson|P.O. Box 844, 1052 Pretium Avenue|03/04/1967|01/04/2002|false|55104|1695082933299|false|true|false|Wine|402276950
Sierra, Paula, Cody, Silas|Connor, William, Aidan, Akeem|Witt|412 Phasellus Rd.|06/22/1989|10/19/2010|false|45429|1618010998199|true|false|true|Beer|955948674
Arthur, Hamish, MacKensie, Caryn|Jessica, Aretha, Dacey, Josiah|Mosley|Ap #379-8705 Convallis Street|10/17/1985|07/13/2013|true|56305|1673032490599|true|false|false|Kegs|819690165
Byron, Stacey, Athena, Otto|Solomon, Edan, Tamekah, Athena|Nunez|P.O. Box 388, 2901 Gravida. Rd.|06/12/1990|12/22/2003|true|53207|1614081495699|false|false|false|Kegs|572384717
Christian, Kirestin, Noah, Zorita|Odette, Joshua, Yvonne, Ima|Ashley|8351 Elementum, Road|04/26/1981|09/24/2007|false|56034|1698102318399|false|false|false|Wine|119437952
Ferdinand, Sheila, Whitney, Samantha|Yeo, Meredith, Hayfa, Teagan|Gibson|Ap #206-4050 Mauris Road|03/07/1993|07/16/2006|true|45751|1601020337099|false|false|true|Beer|647969682
Ebony, Camille, Adria, Amaya|Deacon, Brynne, Karyn, Clarke|Walls|794-5362 Etiam Avenue|04/08/1967|08/20/2004|true|35862|1607072490499|true|true|true|Beer|992011635
Dean, Wendy, Karly, Kennedy|Herrod, Quintessa, Jenette, Reece|Baird|Ap #818-9397 Lorem Avenue|06/19/1976|12/09/2007|true|34789|1699011911799|false|false|true|Beer|218547321
Chantale, Latifah, Seth, Ronan|Halee, Kennedy, Naida, Cedric|Copeland|P.O. Box 515, 8378 Ut Road|06/09/1988|09/20/2007|true|46401|1610090197099|false|true|false|Kegs|848710190
Dillon, Hakeem, Martina, Jescie|Irma, Blaine, Hakeem, Porter|Middleton|509-9445 Nunc Avenue|04/12/1988|01/09/2005|true|51645|1626042757299|false|false|false|Beer|393305131
TaShya, Brittany, Oren, Xyla|Aimee, Raven, Ignacia, Julian|Estes|P.O. Box 324, 7720 Adipiscing Avenue|06/24/1970|04/26/2006|false|32739|1691101820599|true|false|false|Returns|244523221
Zachary, Ebony, Kyle, Trevor|Hermione, Roth, Kiona, Lane|Odom|7079 Nulla Street|07/04/1975|02/18/2004|false|35149|1661100141499|false|true|true|Kegs|487782526
Ivana, Ivy, Phyllis, Ethan|Susan, Donna, Clayton, Gemma|Sheppard|8519 Faucibus Road|01/09/1974|07/30/2003|false|28168|1625060408599|false|true|true|Kegs|431129105
Rhea, Jenette, Moana, Jayme|Madaline, Alma, Cadman, Xena|Benton|P.O. Box 653, 528 Mollis St.|04/28/1987|01/21/2013|true|41867|1610072288999|false|false|false|Returns|443829973
Ciara, Halee, Zeus, Allistair|Paula, Rana, Ezra, Magee|French|P.O. Box 270, 5185 Cursus Rd.|10/29/1981|12/08/2008|false|52260|1648041887999|false|true|true|Returns|056829054
Timothy, Harriet, Lunea, Dora|Shaeleigh, Kato, Jane, Martha|Bauer|8550 Ligula. Av.|12/28/1996|11/18/2004|false|34103|1608120928199|true|false|true|Returns|406571380
Lars, Tatum, Rudyard, MacKenzie|Dolan, Nicholas, Brianna, Orlando|Delacruz|Ap #900-1529 Donec Rd.|01/03/1978|01/14/2016|false|35292|1613022617499|true|true|true|Beer|444703011
Caleb, Acton, Drew, Addison|Nomlanga, Zahir, Seth, Amena|Clayton|P.O. Box 480, 7880 Auctor. Rd.|02/06/1998|06/23/2011|true|53876|1639063050499|false|false|false|Returns|469978381
Indira, Odette, Simone, Pandora|Kylee, Carter, Bertha, Kerry|Kane|Ap #477-3040 Proin Road|04/13/1975|06/21/2012|true|51918|1680110146799|false|false|false|Beer|998004824
Jason, Bryar, Nicholas, Isaiah|Brady, Aretha, Deborah, Moses|Shepard|Ap #773-8138 Turpis Road|08/12/1968|03/11/2010|false|59989|1617010304699|true|false|false|Wine|323294033
Rhona, Hiroko, Oren, Carla|Kato, Ezra, Alfonso, Hillary|Dodson|765-9524 Suspendisse Ave|04/19/1960|02/12/2002|true|51176|1617061239899|true|true|false|Returns|436358816
Alika, Catherine, Kylee, Octavius|Sigourney, Destiny, Lara, Flynn|Meyer|Ap #141-3199 Adipiscing Ave|05/19/1965|02/20/2012|true|34829|1610052742399|true|true|false|Beer|914327242
Kylie, Rose, Latifah, Mari|Lareina, Emery, James, Serena|Carpenter|Ap #770-2853 Ut Street|06/28/1994|07/12/2004|true|35296|1653082745899|true|false|true|Kegs|633359278
Chloe, Charles, Echo, Daria|Giacomo, Rhona, Donovan, Colette|Donaldson|4045 Luctus Ave|03/23/1979|07/18/2013|true|59295|1650120160899|true|true|false|Returns|928451020
Clare, Richard, Meghan, Harrison|Keegan, Audra, Martha, Quinn|Harding|Ap #380-8030 Ornare Av.|08/10/1974|02/21/2006|false|44829|1644062759699|false|false|false|Beer|565243714
Valentine, Clark, Brent, Tyler|Cecilia, Cassandra, Raven, Darrel|Page|Ap #581-3750 Dolor St.|03/13/1974|12/30/2005|false|32335|1696061177799|true|false|true|Kegs|096993654
Celeste, Nita, Gareth, Yoko|Amena, Colette, Florence, Rajah|Mendoza|806-5519 Molestie Avenue|09/26/1988|01/12/2005|true|40819|1615102500699|true|false|false|Kegs|928428267
Norman, Keegan, Erin, Linus|John, Shelby, Bruno, Kareem|Parker|249 Convallis St.|08/31/1978|09/02/2010|true|48077|1664041345099|true|true|false|Wine|305535593
Clarke, Mufutau, Orli, Aquila|Briar, Xavier, Damian, Walter|Mcintosh|6775 Sapien, Rd.|10/30/1980|03/11/2013|false|45359|1629082672799|false|false|true|Kegs|288371982
Nelle, Delilah, Hasad, Alana|Caesar, Evangeline, Myra, Aidan|Pena|6930 Donec Ave|04/21/1990|10/23/2007|true|29916|1600060658499|true|true|false|Wine|907192397
Patricia, Keely, Vera, Jemima|Raphael, Sean, Aubrey, Abdul|Gray|P.O. Box 292, 6185 Id St.|02/14/1965|07/30/2002|false|35754|1605052103199|true|false|true|Wine|473929222
Danielle, Xandra, Casey, Yasir|Nevada, Ashely, Julie, Keith|Mercer|Ap #150-9063 Nascetur St.|04/13/1987|06/22/2013|true|33645|1687040840999|false|true|false|Kegs|774001705
Sybill, Tiger, Bree, Elliott|Alexa, Uriel, Hedwig, Tucker|Solomon|253-5258 Scelerisque Avenue|01/10/1980|11/17/2016|false|56718|1602112475699|false|true|false|Wine|438589962
Sharon, Nicole, Tobias, Damian|Frances, Francis, Candice, Richard|Hampton|7674 Semper Street|10/28/1990|07/08/2016|true|51566|1699052149899|false|false|false|Kegs|712185818
Reagan, Christine, Eve, Nina|Lesley, Rhona, Alfreda, Kerry|Contreras|P.O. Box 135, 9555 Est. Road|05/14/1994|12/21/2013|false|41413|1672040655799|true|true|true|Wine|350828661
Neil, Hasad, Darryl, Megan|Sasha, Riley, Signe, Cain|Taylor|Ap #607-283 Vel Road|11/12/1988|08/08/2012|true|42915|1611102664899|false|false|true|Beer|978839645
Kimberley, Orson, Donovan, Octavius|Aspen, Ignatius, Moses, Kelsie|Kinney|174-2211 Etiam Road|11/29/1969|11/04/2002|true|56980|1636093003699|true|false|false|Wine|408858801
Reece, Cullen, Sawyer, Griffith|Charity, Fitzgerald, Lani, Sacha|Cotton|239-6163 Proin Rd.|09/03/1997|12/11/2016|false|52451|1691071464999|false|true|false|Wine|725889364
Reuben, Hadassah, Regan, Rooney|Althea, Shafira, Venus, Gage|Yates|Ap #470-5552 Adipiscing Rd.|07/23/1968|05/20/2015|true|50932|1603062514299|false|false|true|Wine|530754670
Dora, Kay, Vernon, Owen|Wallace, Xander, Xena, Zenaida|Booth|Ap #411-4788 Dui St.|07/10/1997|02/26/2013|false|46794|1635030692799|false|true|false|Wine|025897513
Calista, Emerson, Quincy, Autumn|Robin, Timothy, Cain, Raven|Ray|P.O. Box 209, 893 Rhoncus St.|07/17/1985|11/05/2009|true|52847|1680101382099|true|false|false|Beer|260580402
Emmanuel, Zahir, Marvin, Connor|Wylie, Cole, Claire, Claudia|Cross|Ap #384-7682 Interdum. Ave|01/31/1971|10/24/2008|true|40615|1632042486299|false|true|false|Returns|706237930
Meghan, Curran, Charity, Shoshana|Steven, Nelle, Wing, Hyacinth|Pope|1738 Ultrices. Av.|02/11/1982|10/20/2010|true|57171|1638091191299|false|false|true|Kegs|573833787
Isabelle, Lavinia, Buckminster, Channing|Beatrice, Leilani, Rashad, Xyla|Prince|P.O. Box 641, 9080 Vel Rd.|07/17/1982|01/08/2014|true|41512|1684070385199|true|false|false|Kegs|904374188
Maite, Yuri, Regina, Randall|Kermit, Kenneth, Michelle, Dacey|Malone|9650 Erat. St.|03/01/1968|06/20/2008|true|41571|1641032095599|false|false|true|Wine|254457328
Keegan, Maisie, Xavier, Quamar|Jasper, Orla, Vivian, Zephr|Woodard|177-4409 Pretium Rd.|12/11/1974|07/29/2011|true|32687|1620050750499|false|true|true|Returns|204300461
Fuller, Alfreda, Xander, Clementine|Yuli, Quinn, William, Amos|Raymond|P.O. Box 472, 6456 Luctus St.|09/10/1987|08/07/2002|true|32077|1624071105899|true|true|false|Kegs|863073623
Tana, Moana, Wynter, Ingrid|Jasmine, Vivien, Orli, Sean|Poole|9008 Scelerisque St.|03/05/1970|08/26/2005|false|28450|1600010331099|false|false|false|Kegs|984660134
Myra, Hakeem, Jackson, Hayden|Macon, Deborah, Jakeem, Isabelle|Garrett|734-5406 Ullamcorper Avenue|08/26/1985|05/23/2011|false|46433|1612090516199|false|false|true|Wine|771373065
Juliet, Quynn, Todd, Addison|Brandon, Jael, Zelda, Erica|Harrell|623-2209 Placerat, Rd.|06/28/1998|01/25/2012|false|36287|1689121953399|false|false|false|Returns|645987884
Kimberly, Alexandra, Xaviera, Berk|Carson, Camille, Octavius, Grace|Noble|Ap #192-9855 Suspendisse Road|06/02/1969|07/14/2012|false|56773|1666021130899|false|false|true|Beer|776668154
Amelia, Farrah, Finn, Jermaine|Dane, Petra, Xaviera, Lara|Carey|438-7809 Nec Rd.|09/12/1997|11/18/2004|false|28523|1691070820399|true|false|true|Returns|006142871
Adara, Alfreda, Eliana, Scott|Jael, Shad, Tobias, Rose|Bridges|P.O. Box 656, 1606 Nunc St.|06/07/1993|05/07/2003|false|44853|1633020129499|true|true|false|Beer|868992702
Rinah, Jerry, Timothy, Shoshana|Fredericka, Kadeem, Zoe, Madonna|Hess|793-6840 Integer Av.|12/08/1973|04/14/2010|false|34364|1623031856399|false|true|false|Beer|500635248
Marsden, Stewart, Julian, Lionel|Halla, Jerome, Zorita, Michelle|Craig|P.O. Box 341, 589 Adipiscing St.|11/18/1989|07/25/2002|false|38388|1654071082099|true|true|true|Beer|109640417
Patricia, Georgia, Melodie, Amaya|Herrod, Xavier, Aphrodite, Gisela|Parker|Ap #587-9275 Morbi Avenue|05/03/1972|03/25/2014|false|49844|1614113093199|false|false|true|Kegs|649752797
Ivor, Kai, Otto, Rhonda|Ray, Madison, Allegra, Francesca|Pierce|P.O. Box 932, 1004 Sed Rd.|05/18/1960|03/14/2002|true|29213|1619061837599|false|false|false|Wine|783895303
Amena, Fatima, Lydia, Benjamin|Cara, Cadman, Josephine, Claudia|Dunlap|9357 Semper. Street|05/19/1976|06/25/2011|false|29631|1686082567099|true|false|false|Returns|889546917
Macaulay, Kenneth, John, Fatima|Hayden, Mikayla, Ashely, Chantale|Rivera|849 Mi. Street|01/03/1993|12/18/2016|false|36513|1699120788599|false|true|false|Beer|334434529
Katelyn, Maris, Chase, Josephine|Yoshi, Sebastian, Iola, Katelyn|Wilcox|Ap #886-4157 Vulputate St.|07/14/1994|05/16/2009|false|40187|1664070618099|true|true|false|Kegs|968020545
Dustin, Bradley, Ryder, Aaron|Selma, Ferdinand, Eric, Ginger|Richardson|P.O. Box 730, 5426 Morbi Rd.|08/09/1978|12/08/2011|true|45835|1632061918499|true|true|false|Wine|000796037
Branden, Tatyana, Vincent, Althea|Suki, Andrew, Cleo, Halee|Mays|6076 Malesuada St.|10/28/1989|09/01/2005|false|56915|1603021762899|false|false|false|Returns|805787066
Bryar, Vielka, Whitney, Angela|Odette, Velma, Dieter, Drew|Fisher|Ap #419-5955 Facilisis, Ave|02/05/1961|06/23/2008|false|34857|1632112286999|false|false|true|Beer|472954221
Pearl, Clinton, Sloane, Hyatt|Ina, Irene, Aspen, Jessamine|Santos|4881 Rutrum Ave|01/05/1973|03/25/2013|true|47678|1615012440699|true|false|false|Returns|347152126
Axel, Michelle, Joel, Jack|Hop, Nicole, Emerson, Derek|Hinton|330-9186 Est, Av.|01/06/1987|03/20/2013|false|55137|1617091317199|true|false|true|Beer|919422949
Talon, Eugenia, Carl, Ahmed|Shea, Winifred, Slade, Hadley|Harper|6933 Vel St.|04/18/1962|08/16/2009|false|46236|1665020529999|false|false|false|Kegs|097183024
Sonya, Charde, Kessie, Mary|Zia, Odessa, Sloane, Kendall|Frank|Ap #646-8256 Proin Av.|04/18/1974|02/03/2005|true|45607|1665112105499|false|true|true|Kegs|944602523
Hector, Malcolm, Madeson, Acton|Paloma, Allen, Rajah, Orson|Daniel|Ap #600-1971 Velit. Street|08/12/1977|04/24/2012|true|41853|1680092316199|true|true|false|Beer|276730728
Jasper, Tanek, Echo, Ivana|Ifeoma, Zenia, Buckminster, Nissim|Weiss|Ap #935-8519 Libero. Street|05/17/1983|12/14/2003|true|58746|1602081983999|true|false|true|Returns|944204395
Meghan, Myles, Alice, Breanna|Herrod, Allen, Tanek, Shay|Hancock|P.O. Box 942, 250 Viverra. Street|12/08/1969|08/31/2002|true|46633|1660012215299|true|false|true|Returns|732891791
Karleigh, Teegan, Raven, Aubrey|Mariam, Elliott, Lamar, Ivory|Haynes|P.O. Box 569, 5908 Cursus Avenue|03/24/1984|06/02/2006|false|29552|1681081875199|false|true|true|Kegs|618024814
Leandra, Dorian, Naida, Kendall|Martha, Lee, Prescott, Irma|Sheppard|8371 Mauris Avenue|04/15/1972|09/19/2012|true|30975|1694031807399|true|false|true|Wine|317532307
Melvin, Wesley, Janna, Kermit|Xandra, Adria, Hall, Molly|Jennings|209-1458 Montes, St.|04/30/1961|04/15/2010|true|39438|1610042180399|false|false|true|Returns|295510853
Buckminster, Althea, Cairo, Zephr|Anjolie, Rahim, Tyrone, Acton|Herrera|7126 Curae; Rd.|05/13/1991|11/29/2010|false|53302|1606050896199|true|true|false|Returns|660053117
Quin, Imogene, Bevis, Halee|Matthew, Alexis, Travis, Lysandra|Spears|6011 Accumsan Street|12/07/1984|04/18/2009|true|58635|1620031124399|true|false|true|Kegs|403799026
Jolie, Amelia, Adara, Rowan|Inez, Stephanie, Ignatius, Gisela|Crosby|Ap #378-4610 Justo. Ave|05/07/1996|09/15/2002|true|35466|1676060427399|true|true|false|Returns|207132846
Lev, Hayden, Erasmus, Risa|Shaine, Moana, Mark, Alfonso|Maddox|4679 Neque. Ave|03/30/1994|09/07/2016|true|36236|1646122651999|true|true|false|Kegs|326502598
Amela, Rosalyn, Medge, Aristotle|Denise, Lionel, Candice, Hilel|Wilkerson|Ap #324-5841 Ornare Av.|11/18/1986|08/11/2002|true|38048|1614112692299|false|false|true|Wine|507514396
Sonia, Orlando, Travis, Rashad|Christian, Cally, Laith, Gail|Pitts|426-5133 Ut St.|10/23/1971|01/19/2002|false|42025|1649110593499|false|true|false|Returns|476963160