1983|Pinot Noir|Red|In Incorporated|penatibus et magnis dis parturient|gravida nunc sed pede. Cum sociis natoque penatibus et magnis|678|Andorra|3L|72|106|36|73|3|24|135|1|0|NINE_PACK
2013|Pinot Grigio|Red|Orci Company|nec quam. Curabitur|at risus. Nunc ac sem ut dolor dapibus gravida. Aliquam tincidunt, nunc ac|688|Bahamas|3L|132|95|77|47|1|43|186|1|0|TWELVE_PACK
2008|Chianti|Red|Lobortis Ultrices Vivamus Company|lacus pede sagittis augue, eu tempor erat neque|sit amet ultricies sem magna nec quam. Curabitur vel lectus. Cum|334|Isle of Man|1.5L|108|54|123|69|1|35|405|0|0|ONE_PACK
1994|Merlot|Red|Interdum Nunc Sollicitudin Corp.|Nam|sed tortor. Integer aliquam adipiscing lacus. Ut nec urna et arcu imperdiet ullamcorper. Duis at lacus. Quisque purus sapien, gravida|995|Saint Lucia|1.5L|131|127|92|100|1|58|432|1|1|NINE_PACK
1993|Pinot Noir|White|Aliquet Limited|nisi. Mauris nulla. Integer urna. Vivamus molestie dapibus|vulputate velit eu sem. Pellentesque ut ipsum ac mi eleifend egestas. Sed pharetra, felis eget varius ultrices, mauris ipsum porta|781|Canada|375ml|118|107|112|64|3|40|1136|0|0|THREE_PACK
1991|Riesling|Red|Suspendisse Aliquet Consulting|neque. Morbi quis urna. Nunc quis arcu vel quam dignissim|mus. Proin vel arcu eu odio tristique pharetra. Quisque ac libero nec ligula consectetuer|874|Thailand|750ml|93|42|82|76|2|59|350|1|1|TWENTY_LITRE_KEG
2009|Malbec|Red|Eget Laoreet Posuere Ltd|Mauris non dui nec urna suscipit nonummy.|est tempor bibendum. Donec felis orci, adipiscing non, luctus sit amet, faucibus ut,|737|Thailand|375ml|126|80|63|87|2|41|934|1|0|SIX_PACK
2003|Pinot Noir|White|Est Vitae Company|Integer urna. Vivamus|fermentum fermentum arcu. Vestibulum ante ipsum primis in faucibus orci luctus et ultrices posuere cubilia Curae; Phasellus|559|British Indian Ocean Territory|187ml|94|50|125|71|1|47|1063|1|1|FIFTEEN_FIVE_GAL_KEG
1989|Pinot Grigio|White|In Company|pellentesque eget, dictum placerat, augue. Sed molestie. Sed|cursus a, enim. Suspendisse aliquet, sem ut cursus luctus, ipsum leo elementum sem, vitae|455|Guadeloupe|3L|65|110|108|64|3|26|94|0|1|FIFTY_LITRE_KEG
1993|Chianti|White|Lectus Pede Ultrices Institute|ipsum leo elementum sem, vitae|Integer sem elit, pharetra ut, pharetra sed, hendrerit a, arcu. Sed et libero. Proin mi. Aliquam gravida mauris ut mi.|241|Falkland Islands|16oz|87|132|63|58|3|28|864|0|0|NINE_PACK
1996|Zinfandel|Red|A Associates|nisl arcu iaculis enim, sit amet|Aliquam erat volutpat. Nulla dignissim. Maecenas ornare egestas ligula. Nullam feugiat|768|Switzerland|24.4oz|125|124|64|85|1|38|754|1|0|THREE_PACK
2008|Zinfandel|White|Sit LLP|cursus. Integer mollis. Integer|et ultrices posuere cubilia Curae; Donec tincidunt. Donec vitae erat vel pede blandit congue.|631|Svalbard and Jan Mayen Islands|1.5L|125|77|48|45|3|55|471|1|1|TWELVE_PACK
1985|Merlot|Red|Fringilla Cursus Purus Inc.|Sed eu nibh|mauris sapien, cursus in, hendrerit consectetuer, cursus et, magna. Praesent interdum|775|Nigeria|187ml|139|45|59|83|3|32|1155|0|0|FIVE_SEVENTEEN_GAL_KEG
2010|Merlot|Red|Aenean Euismod Consulting|Vestibulum ut eros|Quisque ornare tortor at risus. Nunc ac sem ut dolor dapibus gravida. Aliquam tincidunt,|680|Bulgaria|750ml|72|40|93|58|1|44|825|1|0|TWELVE_PACK
1991|Riesling|White|Gravida Sagittis Limited|nunc id enim. Curabitur massa. Vestibulum accumsan|tellus lorem eu metus. In lorem. Donec elementum, lorem ut aliquam iaculis, lacus pede sagittis augue,|373|Isle of Man|1.5L|89|80|89|32|3|58|879|1|0|FIVE_SEVENTEEN_GAL_KEG
1993|Malbec|Red|Placerat Institute|risus. Nulla eget metus eu erat semper rutrum. Fusce dolor|mauris sagittis placerat. Cras dictum ultricies ligula. Nullam enim. Sed nulla ante, iaculis nec, eleifend|429|Christmas Island|5L|72|120|67|49|3|39|448|0|0|SIX_PACK
2011|Chianti|Red|Vel Pede Blandit Ltd|sem molestie sodales. Mauris|metus. In nec orci. Donec nibh. Quisque nonummy ipsum non|316|Guatemala|1.5L|128|132|76|77|1|43|182|0|0|TWENTY_LITRE_KEG
2003|Chardonnay|White|Libero Morbi Institute|ultricies ligula.|tellus sem mollis dui, in sodales elit erat vitae risus. Duis a mi fringilla mi lacinia|503|Liberia|5L|127|73|113|59|2|29|409|0|1|FIFTEEN_FIVE_GAL_KEG
2001|Chardonnay|Red|Diam Sed Institute|tincidunt, neque|dolor. Fusce mi lorem, vehicula et, rutrum eu, ultrices sit amet, risus. Donec nibh enim, gravida sit amet,|157|American Samoa|1.5L|109|40|57|90|2|40|514|1|1|SEVEN_SEVEN_FIVE_GAL_KEG
2015|Chardonnay|Red|Dolor Company|Mauris|mauris ipsum porta elit, a feugiat tellus lorem eu metus. In lorem. Donec elementum, lorem ut aliquam|946|Haiti|3L|88|120|77|38|2|54|749|1|1|FIVE_SEVENTEEN_GAL_KEG
1989|Merlot|White|Est Mollis Non LLC|Suspendisse sed dolor. Fusce mi|magna, malesuada vel, convallis in, cursus et, eros. Proin ultrices. Duis volutpat nunc sit amet metus.|750|Kazakhstan|375ml|77|70|79|83|2|46|921|0|1|FIFTY_LITRE_KEG
1985|Cabernet|Red|Faucibus Lectus A LLP|rutrum urna, nec luctus felis|dui lectus rutrum urna, nec luctus felis purus ac tellus. Suspendisse sed dolor. Fusce mi lorem, vehicula et, rutrum eu,|461|Sweden|750ml|90|79|89|56|1|38|605|0|0|THREE_PACK
1995|Cabernet|Red|At Iaculis Quis Foundation|ornare|pede. Cras vulputate velit eu sem. Pellentesque ut ipsum ac mi eleifend egestas. Sed pharetra, felis eget varius ultrices,|566|Algeria|3L|105|134|125|72|2|34|1067|0|1|NINE_PACK
1987|Cabernet|White|Magna Corporation|Maecenas iaculis|dapibus rutrum, justo. Praesent luctus. Curabitur egestas nunc sed libero. Proin sed turpis nec mauris blandit mattis. Cras eget nisi|696|Djibouti|375ml|85|70|46|69|2|34|754|1|1|TWENTY_LITRE_KEG
1987|Malbec|White|Semper Nam Incorporated|Nulla tempor augue ac ipsum. Phasellus vitae mauris sit|viverra. Maecenas iaculis aliquet diam. Sed diam lorem, auctor quis, tristique ac, eleifend vitae, erat. Vivamus nisi.|117|United Kingdom (Great Britain)|16oz|88|121|46|90|2|25|977|0|0|TWELVE_PACK
1987|Grenach|Red|Consectetuer Rhoncus Corp.|viverra. Maecenas iaculis aliquet diam. Sed diam|nec ante blandit viverra. Donec tempus, lorem fringilla ornare placerat, orci lacus vestibulum lorem, sit amet|283|Tonga|24.4oz|44|67|88|43|3|24|475|1|0|FIFTEEN_FIVE_GAL_KEG
2008|Chardonnay|White|Faucibus Ut Nulla Corporation|erat eget ipsum. Suspendisse sagittis. Nullam|gravida sagittis. Duis gravida. Praesent eu nulla at sem molestie sodales. Mauris blandit|911|Jamaica|187ml|136|126|132|59|2|52|304|1|1|FIFTEEN_FIVE_GAL_KEG
2009|Chianti|White|Elementum Purus Accumsan Institute|ultricies ornare,|semper auctor. Mauris vel turpis. Aliquam adipiscing lobortis risus. In mi pede,|172|Lebanon|5L|43|48|70|45|3|24|359|1|1|FIFTY_LITRE_KEG
2010|Merlot|White|Aliquet Consulting|nascetur ridiculus mus. Proin vel arcu eu|sit amet, risus. Donec nibh enim, gravida sit amet, dapibus id, blandit|274|Trinidad and Tobago|1.5L|138|109|72|68|3|57|894|0|0|SEVEN_SEVEN_FIVE_GAL_KEG
1998|Zinfandel|White|Convallis Industries|neque et|Aliquam nec enim. Nunc ut erat. Sed nunc est, mollis non,|474|Qatar|3L|117|123|55|74|1|40|680|0|0|FIVE_SEVENTEEN_GAL_KEG
1997|Malbec|Red|Orci Inc.|consectetuer adipiscing|ante, iaculis nec, eleifend non, dapibus rutrum, justo. Praesent luctus. Curabitur egestas nunc sed|563|Nigeria|1.5L|74|96|50|54|2|31|496|0|0|SEVEN_SEVEN_FIVE_GAL_KEG
1991|Malbec|Red|Lacus Quisque Institute|malesuada vel, venenatis|ridiculus mus. Donec dignissim magna a tortor. Nunc commodo auctor|403|United States Minor Outlying Islands|3L|110|64|48|70|3|29|323|1|0|NINE_PACK
2013|Pinot Noir|White|Amet Ornare PC|eu augue porttitor interdum. Sed auctor odio a purus.|molestie arcu. Sed eu nibh vulputate mauris sagittis placerat. Cras dictum ultricies ligula. Nullam enim. Sed nulla|521|Bhutan|3L|134|96|110|63|1|43|622|0|0|FIFTEEN_FIVE_GAL_KEG
1994|Merlot|Red|Sed Consulting|turpis. Aliquam adipiscing lobortis risus. In mi pede, nonummy|tortor, dictum eu, placerat eget, venenatis a, magna. Lorem ipsum dolor sit|336|Malawi|1.5L|126|90|43|36|1|25|65|1|1|FIFTY_LITRE_KEG
1983|Merlot|White|Tellus LLP|tempor augue ac ipsum. Phasellus vitae mauris sit amet lorem|Vivamus nibh dolor, nonummy ac, feugiat non, lobortis quis, pede. Suspendisse dui. Fusce diam nunc,|465|Reunion|24.4oz|102|78|113|76|1|54|1120|1|0|NINE_PACK
1989|Grenach|White|Integer Inc.|augue. Sed molestie. Sed id risus|imperdiet non, vestibulum nec, euismod in, dolor. Fusce feugiat. Lorem|684|Mexico|12oz|112|71|53|47|2|53|339|0|0|TWENTY_FOUR_PACK
1990|Grenach|White|Libero Est Industries|pretium et, rutrum non, hendrerit id, ante. Nunc mauris sapien,|Nullam scelerisque neque sed sem egestas blandit. Nam nulla magna, malesuada vel, convallis in, cursus et, eros. Proin ultrices.|140|Sint Maarten|5L|87|85|93|63|1|24|156|1|0|FIFTY_LITRE_KEG
1990|Cabernet|Red|Mauris Quis Turpis Foundation|egestas rhoncus. Proin nisl sem, consequat nec, mollis|enim. Suspendisse aliquet, sem ut cursus luctus, ipsum leo elementum sem, vitae aliquam|384|Madagascar|12oz|83|45|36|72|3|24|58|0|0|SEVEN_SEVEN_FIVE_GAL_KEG
2004|Chardonnay|Red|Magna Duis Corp.|magna|Suspendisse tristique neque venenatis lacus. Etiam bibendum fermentum metus. Aenean sed pede nec ante blandit|999|Mozambique|16oz|115|47|86|63|3|41|137|1|1|NINE_PACK
1992|Chardonnay|Red|Aptent Taciti Sociosqu LLP|netus et malesuada fames ac|malesuada fringilla est. Mauris eu turpis. Nulla aliquet. Proin velit. Sed|885|Pitcairn Islands|750ml|70|125|89|93|2|51|492|1|0|SEVEN_SEVEN_FIVE_GAL_KEG
1993|Malbec|White|Quam Pellentesque Habitant Ltd|penatibus et magnis dis parturient montes, nascetur ridiculus mus.|velit. Cras lorem lorem, luctus ut, pellentesque eget, dictum placerat,|314|Central African Republic|5L|137|107|36|50|2|47|226|1|0|FIFTY_LITRE_KEG
2007|Grenach|White|Non Hendrerit Id Industries|vel, convallis in, cursus et, eros. Proin ultrices. Duis|sit amet ultricies sem magna nec quam. Curabitur vel lectus. Cum sociis natoque penatibus et magnis dis|187|Mozambique|12oz|76|126|105|47|1|35|119|0|0|TWELVE_PACK
2001|Chardonnay|White|Tempor Diam Dictum Company|In scelerisque|Phasellus libero mauris, aliquam eu, accumsan sed, facilisis vitae, orci.|272|Haiti|750ml|41|119|117|83|2|40|178|1|1|ONE_PACK
1989|Pinot Noir|Red|Fames Ac Turpis PC|tincidunt pede ac urna. Ut|odio. Etiam ligula tortor, dictum eu, placerat eget, venenatis a, magna.|646|Saint Barthélemy|750ml|111|115|66|46|2|40|168|0|0|FIFTY_LITRE_KEG
2006|Malbec|Red|Non Justo Proin LLP|egestas a, dui. Cras pellentesque. Sed|neque. Nullam nisl. Maecenas malesuada fringilla est. Mauris eu turpis. Nulla aliquet. Proin velit. Sed malesuada|459|Burkina Faso|12oz|50|127|64|39|1|29|1013|1|0|SEVEN_SEVEN_FIVE_GAL_KEG
1980|Chianti|White|Ligula Elit Pretium Corp.|bibendum. Donec felis orci, adipiscing non, luctus sit amet,|Morbi neque tellus, imperdiet non, vestibulum nec, euismod in, dolor. Fusce feugiat.|815|Guernsey|750ml|126|119|84|37|2|43|329|1|1|ONE_PACK
2009|Merlot|Red|Sem Institute|Morbi|Cras dictum ultricies ligula. Nullam enim. Sed nulla ante, iaculis nec, eleifend non, dapibus|392|Mozambique|187ml|47|111|77|67|3|52|113|1|0|TWENTY_FOUR_PACK
1998|Pinot Grigio|Red|Suspendisse Commodo Tincidunt Limited|tortor. Nunc commodo auctor velit. Aliquam nisl. Nulla|Donec elementum, lorem ut aliquam iaculis, lacus pede sagittis augue, eu tempor erat neque non|683|Kenya|12oz|41|50|129|93|1|47|480|1|0|THREE_PACK
1999|Malbec|Red|Lacus Cras Interdum Industries|aliquet. Proin|dis parturient montes, nascetur ridiculus mus. Donec dignissim magna a tortor. Nunc commodo auctor velit.|601|Bolivia|5L|108|128|49|55|2|50|928|1|1|SIX_PACK
2006|Chianti|White|Adipiscing Company|a ultricies|ornare. In faucibus. Morbi vehicula. Pellentesque tincidunt tempus risus. Donec egestas. Duis ac arcu. Nunc|343|Norfolk Island|750ml|51|68|90|79|3|25|973|0|0|TWELVE_PACK
2012|Pinot Noir|Red|Mauris Nulla Inc.|arcu. Vestibulum ante ipsum primis in faucibus orci luctus|est. Mauris eu turpis. Nulla aliquet. Proin velit. Sed malesuada augue ut lacus.|418|Puerto Rico|187ml|60|55|63|91|3|44|1008|1|1|THREE_PACK
2007|Pinot Noir|Red|Cursus Inc.|Vivamus nibh dolor, nonummy ac, feugiat non,|a neque. Nullam ut nisi a odio semper cursus. Integer mollis. Integer tincidunt aliquam arcu. Aliquam ultrices iaculis odio. Nam|473|United States|12oz|69|55|111|95|2|28|665|1|1|FIFTEEN_FIVE_GAL_KEG
1997|Malbec|Red|Amet Diam Eu Industries|interdum enim non|tellus eu augue porttitor interdum. Sed auctor odio a purus. Duis elementum, dui quis accumsan convallis, ante lectus convallis est,|335|Canada|375ml|55|72|49|74|1|50|243|1|1|SEVEN_SEVEN_FIVE_GAL_KEG
1985|Riesling|Red|Sodales Associates|consectetuer rhoncus. Nullam velit dui, semper et, lacinia vitae,|Nullam velit dui, semper et, lacinia vitae, sodales at, velit. Pellentesque ultricies dignissim lacus. Aliquam rutrum|957|Greenland|375ml|101|56|66|92|3|41|931|0|1|FIVE_SEVENTEEN_GAL_KEG
1983|Pinot Grigio|Red|Integer In Magna Corporation|ullamcorper, velit in aliquet lobortis, nisi nibh lacinia|egestas nunc sed libero. Proin sed turpis nec mauris blandit mattis. Cras eget nisi dictum|184|Haiti|3L|50|128|42|40|1|45|1158|0|1|TWELVE_PACK
2010|Chardonnay|Red|Nullam Enim Sed Industries|nulla vulputate dui, nec|volutpat. Nulla facilisis. Suspendisse commodo tincidunt nibh. Phasellus nulla. Integer vulputate,|392|Brunei|187ml|56|132|117|67|2|43|1157|1|1|SIX_PACK
2012|Cabernet|White|Nunc Quisque Ornare Consulting|non lorem vitae odio sagittis semper. Nam|magna. Suspendisse tristique neque venenatis lacus. Etiam bibendum fermentum metus. Aenean sed pede nec ante blandit|598|Barbados|750ml|74|39|106|80|3|24|1084|1|0|NINE_PACK
1995|Pinot Noir|White|Ut Lacus Corporation|enim|iaculis nec, eleifend non, dapibus rutrum, justo. Praesent luctus. Curabitur egestas nunc|416|Pitcairn Islands|750ml|53|99|107|33|3|39|393|0|0|FIFTEEN_FIVE_GAL_KEG
2004|Pinot Grigio|Red|Fermentum Vel Associates|Phasellus libero mauris,|luctus aliquet odio. Etiam ligula tortor, dictum eu, placerat eget, venenatis a, magna. Lorem|368|Trinidad and Tobago|1.5L|92|95|66|75|2|40|1034|1|1|ONE_PACK
2010|Chianti|Red|In Molestie LLC|Fusce mollis. Duis sit amet diam eu|amet nulla. Donec non justo. Proin non massa non ante bibendum ullamcorper. Duis cursus, diam at pretium aliquet,|659|Chad|750ml|64|49|122|60|3|38|937|0|0|FIFTEEN_FIVE_GAL_KEG
2012|Pinot Noir|White|Suspendisse Ac Metus Limited|amet ultricies sem magna nec quam. Curabitur vel|Phasellus at augue id ante dictum cursus. Nunc mauris elit, dictum eu, eleifend nec, malesuada ut, sem. Nulla interdum. Curabitur|462|Heard Island and Mcdonald Islands|3L|138|126|92|48|2|43|426|0|1|FIVE_SEVENTEEN_GAL_KEG
1983|Pinot Noir|Red|Non LLP|arcu. Sed et libero. Proin mi. Aliquam gravida mauris ut|sodales elit erat vitae risus. Duis a mi fringilla mi lacinia mattis. Integer eu lacus. Quisque|464|Bosnia and Herzegovina|375ml|83|66|83|70|1|25|927|0|0|FIFTEEN_FIVE_GAL_KEG
2010|Grenach|Red|Mus Proin PC|dictum sapien. Aenean|dictum cursus. Nunc mauris elit, dictum eu, eleifend nec, malesuada ut, sem. Nulla interdum. Curabitur dictum. Phasellus in|725|Iceland|750ml|139|40|84|43|2|28|632|0|1|TWELVE_PACK
2002|Zinfandel|White|Pellentesque Tincidunt Tempus Ltd|egestas nunc|magnis dis parturient montes, nascetur ridiculus mus. Aenean eget magna. Suspendisse tristique neque venenatis lacus. Etiam bibendum fermentum metus.|284|Iraq|24.4oz|77|128|62|100|2|25|318|1|0|ONE_PACK
1983|Chianti|White|Commodo Associates|urna, nec luctus felis|arcu. Vivamus sit amet risus. Donec egestas. Aliquam nec enim.|627|Somalia|16oz|104|101|79|30|1|52|176|1|0|FIFTY_LITRE_KEG
1992|Malbec|Red|Ultricies Industries|nascetur ridiculus|aliquet, metus urna convallis erat, eget tincidunt dui augue eu tellus. Phasellus elit pede, malesuada vel, venenatis|171|Cocos (Keeling) Islands|187ml|65|125|37|100|3|38|221|0|0|THREE_PACK
1996|Riesling|Red|Vitae Diam Inc.|dolor. Nulla semper tellus id nunc interdum feugiat. Sed|nibh enim, gravida sit amet, dapibus id, blandit at, nisi. Cum sociis natoque penatibus|316|Kiribati|24.4oz|71|54|48|77|2|37|320|1|0|FIVE_SEVENTEEN_GAL_KEG
1980|Merlot|White|Dapibus Id Blandit LLC|Proin ultrices.|ligula tortor, dictum eu, placerat eget, venenatis a, magna. Lorem ipsum|150|France|3L|108|50|50|36|1|29|934|1|1|TWELVE_PACK
1990|Malbec|White|Integer Ltd|tellus justo sit amet nulla.|gravida. Praesent eu nulla at sem molestie sodales. Mauris blandit enim consequat purus. Maecenas libero est, congue a,|575|Syria|750ml|79|51|67|74|2|29|622|0|0|FIFTY_LITRE_KEG
2015|Cabernet|White|In Molestie Foundation|pharetra, felis eget varius ultrices, mauris ipsum porta elit,|velit justo nec ante. Maecenas mi felis, adipiscing fringilla, porttitor vulputate, posuere vulputate, lacus.|111|United Arab Emirates|5L|41|115|121|51|2|39|283|0|1|SIX_PACK
2007|Pinot Noir|Red|Vestibulum Accumsan Industries|eu|enim mi tempor lorem, eget mollis lectus pede et risus.|963|Pitcairn Islands|5L|116|69|112|35|1|28|1165|1|0|SEVEN_SEVEN_FIVE_GAL_KEG
2000|Grenach|White|Ut Industries|est. Mauris eu turpis. Nulla aliquet.|convallis ligula. Donec luctus aliquet odio. Etiam ligula tortor, dictum eu,|862|Brazil|375ml|68|103|45|48|1|29|956|1|1|THREE_PACK
1980|Riesling|White|Cum Sociis Ltd|eget laoreet posuere,|ultricies adipiscing, enim mi tempor lorem, eget mollis lectus pede et risus. Quisque libero lacus, varius et, euismod et,|294|Singapore|187ml|126|124|54|66|1|39|307|0|0|FIFTY_LITRE_KEG
1996|Cabernet|Red|Magna Suspendisse Tristique Ltd|Fusce dolor quam, elementum|Nullam vitae diam. Proin dolor. Nulla semper tellus id nunc interdum feugiat.|985|Mexico|375ml|40|65|78|37|1|25|130|1|0|TWENTY_LITRE_KEG
2005|Malbec|Red|Velit Eu Sem Incorporated|Nulla facilisis.|pharetra. Nam ac nulla. In tincidunt congue turpis. In condimentum. Donec at arcu. Vestibulum ante ipsum primis in faucibus orci|178|Netherlands|375ml|131|111|51|46|2|30|559|0|0|FIVE_SEVENTEEN_GAL_KEG
1995|Chardonnay|Red|Faucibus Foundation|tellus. Phasellus elit pede, malesuada vel, venenatis vel, faucibus id,|arcu et pede. Nunc sed orci lobortis augue scelerisque mollis. Phasellus libero|249|United States Minor Outlying Islands|375ml|70|127|113|97|1|37|320|0|1|TWENTY_LITRE_KEG
2016|Riesling|Red|Neque In PC|elementum, lorem ut|Suspendisse commodo tincidunt nibh. Phasellus nulla. Integer vulputate, risus a ultricies adipiscing, enim mi tempor lorem, eget mollis lectus pede|595|Iran|12oz|105|57|37|37|1|37|454|1|1|TWENTY_FOUR_PACK
1996|Pinot Noir|White|Aliquet Diam Consulting|lacus|Proin velit. Sed malesuada augue ut lacus. Nulla tincidunt, neque vitae semper egestas, urna justo|161|Poland|3L|102|47|41|98|2|53|1182|0|1|FIFTY_LITRE_KEG
2013|Cabernet|Red|Nam Nulla Corporation|dictum eu, placerat eget, venenatis|sit amet metus. Aliquam erat volutpat. Nulla facilisis. Suspendisse commodo tincidunt nibh. Phasellus nulla. Integer vulputate, risus|856|Côte D'Ivoire (Ivory Coast)|750ml|85|118|70|85|1|43|1096|0|1|TWENTY_FOUR_PACK
1998|Merlot|White|Class Aptent Taciti Industries|nec urna et arcu imperdiet ullamcorper.|diam vel arcu. Curabitur ut odio vel est tempor bibendum. Donec felis orci, adipiscing non, luctus sit amet, faucibus ut,|238|Iran|3L|59|122|128|79|3|51|211|1|0|SEVEN_SEVEN_FIVE_GAL_KEG
2008|Merlot|Red|Phasellus Dolor Associates|ut, nulla. Cras eu tellus eu augue porttitor|elit, pharetra ut, pharetra sed, hendrerit a, arcu. Sed et libero. Proin mi. Aliquam gravida mauris ut mi.|771|Georgia|187ml|128|77|97|92|3|25|909|0|0|ONE_PACK
2002|Riesling|White|Ipsum Nunc Id PC|pede et risus. Quisque libero lacus,|nec tempus scelerisque, lorem ipsum sodales purus, in molestie tortor nibh sit amet orci. Ut|508|Tonga|24.4oz|41|82|82|77|1|34|356|1|0|SEVEN_SEVEN_FIVE_GAL_KEG
1981|Pinot Grigio|Red|Varius PC|sociosqu ad litora torquent per conubia|egestas blandit. Nam nulla magna, malesuada vel, convallis in, cursus et, eros. Proin|204|Virgin Islands, British|12oz|132|80|100|50|2|50|488|1|0|TWENTY_LITRE_KEG
1987|Cabernet|Red|Magna Sed Institute|ornare, facilisis eget, ipsum. Donec sollicitudin|Suspendisse eleifend. Cras sed leo. Cras vehicula aliquet libero. Integer in|375|Northern Mariana Islands|3L|70|70|82|73|2|28|239|1|0|FIFTEEN_FIVE_GAL_KEG
2008|Pinot Noir|Red|Rhoncus Id Mollis Consulting|nec orci. Donec nibh. Quisque nonummy|porttitor eros nec tellus. Nunc lectus pede, ultrices a, auctor non, feugiat nec, diam. Duis mi enim, condimentum|440|New Caledonia|375ml|62|134|68|100|1|59|233|1|0|TWENTY_LITRE_KEG
2017|Malbec|Red|Erat Associates|vitae dolor. Donec fringilla. Donec feugiat metus sit|lacus. Ut nec urna et arcu imperdiet ullamcorper. Duis at lacus. Quisque purus sapien, gravida|705|Curaçao|3L|79|113|126|87|3|29|949|0|1|THREE_PACK
2013|Chianti|Red|Orci LLP|In scelerisque scelerisque|dis parturient montes, nascetur ridiculus mus. Aenean eget magna. Suspendisse tristique neque venenatis lacus. Etiam bibendum fermentum|158|Sint Maarten|24.4oz|137|79|110|50|3|55|1047|0|1|TWELVE_PACK
1991|Chianti|White|Fringilla Cursus Purus LLC|augue porttitor interdum. Sed|Vestibulum ut eros non enim commodo hendrerit. Donec porttitor tellus non magna. Nam ligula|842|Liechtenstein|750ml|85|136|44|98|1|30|637|1|1|NINE_PACK
2006|Zinfandel|White|Egestas Hendrerit LLC|enim non nisi. Aenean eget metus. In nec|tortor at risus. Nunc ac sem ut dolor dapibus gravida. Aliquam|489|Seychelles|375ml|139|132|46|69|1|52|866|1|0|NINE_PACK
1980|Zinfandel|Red|Tincidunt Nibh Phasellus Industries|ac, eleifend vitae, erat. Vivamus nisi. Mauris nulla. Integer|pede. Cras vulputate velit eu sem. Pellentesque ut ipsum ac mi eleifend egestas. Sed pharetra, felis eget varius ultrices, mauris|489|Bosnia and Herzegovina|750ml|129|40|37|52|3|59|430|0|1|NINE_PACK
2010|Grenach|White|Eros Proin Ultrices Incorporated|urna.|lorem ut aliquam iaculis, lacus pede sagittis augue, eu tempor erat neque|451|Zambia|16oz|76|59|55|57|2|43|659|1|0|ONE_PACK
1994|Chianti|White|Ultrices Posuere PC|nunc interdum feugiat.|fermentum risus, at fringilla purus mauris a nunc. In at pede. Cras vulputate velit eu sem.|816|Jersey|5L|63|136|90|78|3|37|1100|1|0|FIFTEEN_FIVE_GAL_KEG
1989|Grenach|Red|Dignissim Magna Foundation|ullamcorper. Duis at lacus.|est, vitae sodales nisi magna sed dui. Fusce aliquam, enim nec tempus scelerisque, lorem|686|Bhutan|375ml|110|38|127|85|2|50|880|1|0|SIX_PACK
2015|Malbec|White|Massa Institute|enim consequat purus. Maecenas|mi felis, adipiscing fringilla, porttitor vulputate, posuere vulputate, lacus. Cras interdum. Nunc sollicitudin commodo ipsum. Suspendisse|410|Dominican Republic|750ml|49|121|119|32|3|25|919|1|0|FIFTEEN_FIVE_GAL_KEG
1981|Pinot Noir|White|Faucibus Morbi Vehicula Corporation|mollis nec, cursus a, enim. Suspendisse aliquet, sem|Cum sociis natoque penatibus et magnis dis parturient montes, nascetur ridiculus|853|Puerto Rico|3L|108|114|46|78|3|52|1167|1|1|FIFTEEN_FIVE_GAL_KEG
1987|Pinot Grigio|Red|Massa Mauris Industries|dui. Cras pellentesque. Sed dictum. Proin|orci lobortis augue scelerisque mollis. Phasellus libero mauris, aliquam eu, accumsan sed, facilisis vitae, orci. Phasellus dapibus quam quis diam.|988|Bahrain|16oz|140|114|51|95|1|28|732|1|0|TWENTY_LITRE_KEG
1997|Chardonnay|White|Sagittis Duis Institute|parturient montes, nascetur ridiculus mus. Donec|imperdiet ornare. In faucibus. Morbi vehicula. Pellentesque tincidunt tempus risus. Donec egestas. Duis ac arcu. Nunc mauris.|236|Myanmar|12oz|62|121|61|50|2|56|326|0|0|TWENTY_LITRE_KEG
1981|Grenach|White|Sagittis Semper Nam Company|nunc sed libero. Proin sed turpis nec|at auctor ullamcorper, nisl arcu iaculis enim, sit amet ornare lectus|356|French Polynesia|12oz|96|135|105|81|2|34|347|0|0|SIX_PACK
2005|Zinfandel|Red|In Felis Nulla Foundation|dolor elit, pellentesque a,|neque sed dictum eleifend, nunc risus varius orci, in consequat enim diam vel arcu. Curabitur ut odio vel est tempor|149|Bouvet Island|3L|107|121|120|88|3|26|433|0|1|FIFTY_LITRE_KEG
2007|Grenach|Red|Enim Foundation|lorem, luctus ut,|erat. Sed nunc est, mollis non, cursus non, egestas a, dui. Cras pellentesque. Sed dictum.|279|Tajikistan|750ml|105|65|99|100|3|43|559|1|0|FIFTEEN_FIVE_GAL_KEG